sample_id,source_doi,alloy,alloy_family,base_element,AM_process,AM_subprocess,machine,laser_power_W,scan_speed_mm_s,hatch_spacing_um,layer_thickness_um,beam_diameter_um,build_orientation,specimen_orientation,heat_treatment,density_g_cm3,melting_temp_C,thermal_conductivity_W_mK,specific_heat_J_kgK,CTE_1e6_K,relative_density_percent,porosity_percent,grain_size_um,grain_morphology,texture_intensity_MRD,matrix_phase,secondary_phases,microstructure_notes,yield_strength_MPa,UTS_MPa,elongation_percent,hardness_HV,elastic_modulus_GPa,surface_roughness_Ra_um,quality_score
demo_0001,demo_synthetic_literature_style,Maraging Steel M300,maraging steel,Fe,PBF,E-PBF,Concept Laser M2,2002.7,1428.86,183.03,50.0,120,45deg,horizontal,as-built,8.1,1413,14.2,452,10.3,98.215,1.681,15.267,equiaxed,1.88,martensite,Ni-Ti-Mo precipitates after aging,martensitic with age hardening,1263.87,1485.9,6.78,429.68,193.89,25.4,A
demo_0002,demo_synthetic_literature_style,AlSi10Mg,Al alloy,Al,PBF,L-PBF,Optomec LENS,366.83,943.414,83.63,50.0,70,Z,45deg,as-built,2.68,580,160.0,910,20.5,98.971,0.952,19.771,equiaxed,3.45,alpha-Al,Si network/Mg2Si,fine cellular Al-Si network,366.02,520.45,4.44,148.63,69.23,9.43,B
demo_0003,demo_synthetic_literature_style,17-4PH,precipitation-hardening steel,Fe,PBF,L-PBF,WAAM lab system,178.39,966.721,72.63,40.0,1000,45deg,vertical,as-built,7.8,1420,16.0,460,10.4,98.794,1.377,11.562,dendritic,2.99,martensite/ferrite,Cu-rich precipitates,martensitic or ferritic-martensitic,903.84,1014.29,10.44,319.78,199.43,6.96,B
demo_0004,demo_synthetic_literature_style,AlSi10Mg,Al alloy,Al,PBF,L-PBF,EOS M290,188.07,1169.814,96.23,20.0,500,45deg,vertical,aged,2.68,580,160.0,910,20.5,98.976,0.97,14.393,equiaxed,3.62,alpha-Al,Si network/Mg2Si,fine cellular Al-Si network,542.42,745.06,5.55,180.57,73.39,12.41,C
demo_0005,demo_synthetic_literature_style,IN718,Ni superalloy,Ni,PBF,E-PBF,SLM 280,2031.23,2061.582,164.62,50.0,120,XZ,vertical,HIP,8.19,1298,11.4,435,13.0,98.809,1.14,12.849,mixed columnar-equiaxed,3.69,gamma,gamma prime/gamma double prime/Laves/delta,cellular-dendritic gamma matrix,1110.08,1270.93,17.32,316.02,203.33,25.98,A
demo_0006,demo_synthetic_literature_style,Ti6Al4V,titanium alloy,Ti,PBF,L-PBF,WAAM lab system,286.07,1059.207,88.24,50.0,70,XZ,horizontal,as-built,4.43,1660,7.1,560,8.6,98.502,1.461,19.648,dendritic,3.31,alpha/beta,alpha-prime martensite possible,"prior beta grains, alpha-prime laths",1010.7,1168.88,8.25,303.05,116.49,12.85,C
demo_0007,demo_synthetic_literature_style,AlSi10Mg,Al alloy,Al,PBF,L-PBF,WAAM lab system,318.57,1057.032,117.03,60.0,500,Z,vertical,stress relieved,2.68,580,160.0,910,20.5,98.331,1.706,11.028,mixed columnar-equiaxed,3.14,alpha-Al,Si network/Mg2Si,fine cellular Al-Si network,327.86,437.81,2.33,117.94,67.65,12.07,A
demo_0008,demo_synthetic_literature_style,H13 Tool Steel,tool steel,Fe,DED,L-DED,Arcam Q10,667.54,25.89,756.93,428.61,100,XY,45deg,aged,7.8,1427,28.6,460,10.4,98.612,1.381,33.307,dendritic,1.0,martensite,carbides,martensitic/carbide structure,1241.94,1349.96,6.22,410.62,205.47,22.73,B
demo_0009,demo_synthetic_literature_style,17-4PH,precipitation-hardening steel,Fe,DED,L-DED,Concept Laser M2,1566.09,28.363,973.51,469.62,500,XY,horizontal,as-built,7.8,1420,16.0,460,10.4,98.906,1.018,43.447,dendritic,3.04,martensite/ferrite,Cu-rich precipitates,martensitic or ferritic-martensitic,818.83,985.48,11.74,270.08,197.03,16.32,A
demo_0010,demo_synthetic_literature_style,CoCrMo,Co alloy,Co,PBF,L-PBF,Arcam Q10,347.56,1219.463,95.93,50.0,100,XY,45deg,annealed,8.4,1390,13.0,450,14.0,98.616,1.512,13.064,mixed columnar-equiaxed,2.48,FCC/HCP Co,carbides,cellular/dendritic CoCr,810.05,901.06,9.86,295.28,224.18,14.14,B
demo_0011,demo_synthetic_literature_style,H13 Tool Steel,tool steel,Fe,DED,L-DED,Renishaw AM250,613.74,22.629,536.47,755.07,80,Z,vertical,aged,7.8,1427,28.6,460,10.4,98.534,1.355,63.565,columnar,1.98,martensite,carbides,martensitic/carbide structure,1187.17,1364.39,6.85,390.8,214.19,36.98,C
demo_0012,demo_synthetic_literature_style,IN718,Ni superalloy,Ni,PBF,L-PBF,Optomec LENS,267.21,1437.826,104.3,40.0,100,XZ,45deg,stress relieved,8.19,1298,11.4,435,13.0,98.552,1.383,11.508,equiaxed,2.89,gamma,gamma prime/gamma double prime/Laves/delta,cellular-dendritic gamma matrix,1085.73,1326.82,17.3,354.16,204.21,5.79,A
demo_0013,demo_synthetic_literature_style,CoCrMo,Co alloy,Co,PBF,L-PBF,EOS M290,152.57,1172.24,86.87,40.0,80,XY,vertical,stress relieved,8.4,1390,13.0,450,14.0,98.466,1.675,14.782,cellular,4.48,FCC/HCP Co,carbides,cellular/dendritic CoCr,831.69,1014.07,6.48,244.16,216.37,24.77,B
demo_0014,demo_synthetic_literature_style,CuCrZr,Cu alloy,Cu,PBF,L-PBF,EOS M290,368.94,1308.251,89.03,30.0,100,XZ,horizontal,as-built,8.9,1085,320.0,380,17.0,99.043,0.944,13.255,equiaxed,2.85,Cu,Cr/Zr-rich precipitates,"Cu matrix, high-conductivity processing sensitive",426.7,643.88,18.46,107.0,113.61,13.04,B
demo_0015,demo_synthetic_literature_style,AlSi10Mg,Al alloy,Al,DED,L-DED,Optomec LENS,1323.47,31.724,1114.76,511.32,80,XZ,horizontal,as-built,2.68,580,160.0,910,20.5,99.174,0.843,45.1,dendritic,3.31,alpha-Al,Si network/Mg2Si,fine cellular Al-Si network,362.75,561.4,9.13,121.6,63.88,16.79,A
demo_0016,demo_synthetic_literature_style,IN718,Ni superalloy,Ni,PBF,L-PBF,SLM 280,156.83,1331.113,79.2,60.0,100,XZ,45deg,HIP,8.19,1298,11.4,435,13.0,98.019,2.098,8.358,equiaxed,2.61,gamma,gamma prime/gamma double prime/Laves/delta,cellular-dendritic gamma matrix,1157.08,1320.28,12.16,373.12,204.18,14.03,B
demo_0017,demo_synthetic_literature_style,H13 Tool Steel,tool steel,Fe,DED,L-DED,Concept Laser M2,752.62,8.955,942.13,273.1,80,XZ,45deg,aged,7.8,1427,28.6,460,10.4,98.486,1.447,28.342,mixed columnar-equiaxed,1.32,martensite,carbides,martensitic/carbide structure,1289.46,1504.01,9.39,382.8,210.15,22.09,B
demo_0018,demo_synthetic_literature_style,CoCrMo,Co alloy,Co,PBF,L-PBF,Arcam Q10,210.28,988.584,109.77,30.0,80,XY,horizontal,annealed,8.4,1390,13.0,450,14.0,98.598,1.346,12.157,cellular,3.74,FCC/HCP Co,carbides,cellular/dendritic CoCr,810.65,1001.94,7.58,263.76,221.14,27.1,B
demo_0019,demo_synthetic_literature_style,H13 Tool Steel,tool steel,Fe,PBF,E-PBF,Renishaw AM250,1611.29,2812.465,176.52,90.0,500,XZ,vertical,aged,7.8,1427,28.6,460,10.4,97.836,2.116,18.394,equiaxed,3.41,martensite,carbides,martensitic/carbide structure,1263.87,1429.93,5.19,354.02,209.19,18.63,B
demo_0020,demo_synthetic_literature_style,Maraging Steel M300,maraging steel,Fe,PBF,L-PBF,Renishaw AM250,380.32,1103.107,94.75,20.0,1000,XY,vertical,solution treated,8.1,1413,14.2,452,10.3,99.201,0.791,2.454,columnar,2.03,martensite,Ni-Ti-Mo precipitates after aging,martensitic with age hardening,1354.19,1594.95,6.69,409.41,199.18,29.43,C
demo_0021,demo_synthetic_literature_style,CuCrZr,Cu alloy,Cu,PBF,L-PBF,Optomec LENS,139.97,1094.434,78.77,30.0,500,XZ,vertical,aged,8.9,1085,320.0,380,17.0,99.165,0.756,12.028,mixed columnar-equiaxed,4.28,Cu,Cr/Zr-rich precipitates,"Cu matrix, high-conductivity processing sensitive",582.3,677.27,17.27,184.49,113.13,10.57,A
demo_0022,demo_synthetic_literature_style,316L,stainless steel,Fe,DED,L-DED,Renishaw AM250,560.93,10.239,442.71,554.69,500,45deg,horizontal,HIP,7.99,1385,16.2,500,16.0,99.056,0.956,51.845,mixed columnar-equiaxed,2.25,austenite,delta ferrite/carbides possible,"cellular austenitic, melt-pool boundaries",559.21,750.68,31.43,188.3,189.51,37.56,B
demo_0023,demo_synthetic_literature_style,IN625,Ni superalloy,Ni,PBF,L-PBF,Concept Laser M2,291.37,916.262,72.96,20.0,1000,45deg,vertical,stress relieved,8.44,1320,9.8,429,12.8,98.805,1.106,20.147,equiaxed,3.76,gamma,carbides/Laves possible,dendritic gamma matrix,789.58,882.05,25.97,277.89,207.27,5.34,A
demo_0024,demo_synthetic_literature_style,H13 Tool Steel,tool steel,Fe,PBF,E-PBF,WAAM lab system,2064.46,2382.537,157.1,70.0,100,XZ,45deg,as-built,7.8,1427,28.6,460,10.4,98.654,1.338,13.988,cellular,2.35,martensite,carbides,martensitic/carbide structure,1248.11,1497.42,3.1,396.69,210.88,26.78,A
demo_0025,demo_synthetic_literature_style,Maraging Steel M300,maraging steel,Fe,PBF,E-PBF,Concept Laser M2,607.49,1538.056,130.03,70.0,70,XY,vertical,as-built,8.1,1413,14.2,452,10.3,97.908,2.161,13.529,mixed columnar-equiaxed,2.14,martensite,Ni-Ti-Mo precipitates after aging,martensitic with age hardening,1209.11,1349.58,7.46,422.54,192.91,35.39,A
demo_0026,demo_synthetic_literature_style,IN625,Ni superalloy,Ni,PBF,L-PBF,WAAM lab system,218.51,1035.435,120.91,30.0,500,XY,vertical,stress relieved,8.44,1320,9.8,429,12.8,98.751,1.315,11.721,equiaxed,3.57,gamma,carbides/Laves possible,dendritic gamma matrix,747.33,947.41,31.49,211.62,208.91,10.86,B
demo_0027,demo_synthetic_literature_style,AlSi10Mg,Al alloy,Al,DED,L-DED,SLM 280,1175.82,7.853,980.57,250.7,500,45deg,vertical,as-built,2.68,580,160.0,910,20.5,97.628,2.366,27.503,cellular,1.68,alpha-Al,Si network/Mg2Si,fine cellular Al-Si network,383.74,570.67,4.06,106.31,64.93,25.2,A
demo_0028,demo_synthetic_literature_style,CuCrZr,Cu alloy,Cu,PBF,L-PBF,Renishaw AM250,297.02,595.049,106.97,20.0,120,XZ,vertical,as-built,8.9,1085,320.0,380,17.0,99.083,0.966,2.0,equiaxed,3.8,Cu,Cr/Zr-rich precipitates,"Cu matrix, high-conductivity processing sensitive",428.14,523.3,20.14,178.52,109.68,8.45,B
demo_0029,demo_synthetic_literature_style,IN718,Ni superalloy,Ni,PBF,L-PBF,SLM 280,155.92,617.104,75.26,20.0,80,45deg,vertical,as-built,8.19,1298,11.4,435,13.0,98.979,1.089,9.574,dendritic,4.31,gamma,gamma prime/gamma double prime/Laves/delta,cellular-dendritic gamma matrix,1177.98,1400.72,15.2,385.86,206.35,6.82,A
demo_0030,demo_synthetic_literature_style,IN718,Ni superalloy,Ni,DED,L-DED,SLM 280,845.88,9.728,518.23,761.68,1000,45deg,vertical,as-built,8.19,1298,11.4,435,13.0,98.338,1.652,68.973,mixed columnar-equiaxed,1.46,gamma,gamma prime/gamma double prime/Laves/delta,cellular-dendritic gamma matrix,981.37,1106.59,16.2,337.68,205.06,32.97,C
demo_0031,demo_synthetic_literature_style,IN718,Ni superalloy,Ni,PBF,L-PBF,Arcam Q10,335.33,1451.195,77.11,30.0,80,XY,vertical,as-built,8.19,1298,11.4,435,13.0,98.808,1.032,23.126,equiaxed,3.04,gamma,gamma prime/gamma double prime/Laves/delta,cellular-dendritic gamma matrix,1108.43,1318.37,18.24,317.5,198.74,2.39,A
demo_0032,demo_synthetic_literature_style,CuCrZr,Cu alloy,Cu,PBF,L-PBF,SLM 280,252.69,801.927,125.11,60.0,120,Z,horizontal,stress relieved,8.9,1085,320.0,380,17.0,98.524,1.363,2.0,cellular,3.55,Cu,Cr/Zr-rich precipitates,"Cu matrix, high-conductivity processing sensitive",364.12,553.24,20.15,135.01,120.69,16.56,A
demo_0033,demo_synthetic_literature_style,316L,stainless steel,Fe,PBF,L-PBF,Concept Laser M2,389.11,529.0,84.45,40.0,1000,45deg,horizontal,annealed,7.99,1385,16.2,500,16.0,98.783,1.282,11.638,mixed columnar-equiaxed,4.02,austenite,delta ferrite/carbides possible,"cellular austenitic, melt-pool boundaries",488.0,648.99,32.78,178.16,180.03,4.22,A
demo_0034,demo_synthetic_literature_style,IN625,Ni superalloy,Ni,PBF,L-PBF,Renishaw AM250,191.57,1349.409,73.43,20.0,70,XY,horizontal,as-built,8.44,1320,9.8,429,12.8,99.125,0.853,14.187,dendritic,4.59,gamma,carbides/Laves possible,dendritic gamma matrix,867.83,1105.83,28.96,313.78,205.46,6.98,A
demo_0035,demo_synthetic_literature_style,IN625,Ni superalloy,Ni,PBF,L-PBF,Optomec LENS,166.56,1234.621,81.58,20.0,70,XZ,vertical,as-built,8.44,1320,9.8,429,12.8,99.062,1.076,4.707,dendritic,3.89,gamma,carbides/Laves possible,dendritic gamma matrix,773.29,894.5,30.65,246.17,195.85,17.57,A
demo_0036,demo_synthetic_literature_style,Ti6Al4V,titanium alloy,Ti,PBF,L-PBF,SLM 280,147.52,683.533,128.8,30.0,100,Z,45deg,as-built,4.43,1660,7.1,560,8.6,98.347,1.687,12.365,cellular,3.83,alpha/beta,alpha-prime martensite possible,"prior beta grains, alpha-prime laths",1089.9,1283.47,11.82,343.01,106.62,18.4,B
demo_0037,demo_synthetic_literature_style,AlSi10Mg,Al alloy,Al,PBF,L-PBF,Arcam Q10,314.77,1440.594,78.91,40.0,70,Z,45deg,as-built,2.68,580,160.0,910,20.5,98.81,1.346,26.462,dendritic,3.57,alpha-Al,Si network/Mg2Si,fine cellular Al-Si network,365.88,595.89,7.17,96.88,71.67,11.84,B
demo_0038,demo_synthetic_literature_style,H13 Tool Steel,tool steel,Fe,PBF,L-PBF,Optomec LENS,243.54,908.783,83.06,40.0,500,Z,vertical,annealed,7.8,1427,28.6,460,10.4,98.042,1.868,11.248,columnar,3.21,martensite,carbides,martensitic/carbide structure,1171.79,1286.72,10.23,353.94,211.74,9.56,C
demo_0039,demo_synthetic_literature_style,Maraging Steel M300,maraging steel,Fe,PBF,L-PBF,Renishaw AM250,314.38,1152.433,88.97,30.0,120,Z,horizontal,aged,8.1,1413,14.2,452,10.3,99.264,0.645,13.538,columnar,6.1,martensite,Ni-Ti-Mo precipitates after aging,martensitic with age hardening,1463.96,1702.03,11.2,474.53,192.9,11.66,A
demo_0040,demo_synthetic_literature_style,H13 Tool Steel,tool steel,Fe,DED,L-DED,Arcam Q10,1072.3,28.996,651.56,702.43,100,45deg,45deg,as-built,7.8,1427,28.6,460,10.4,99.002,1.085,59.321,mixed columnar-equiaxed,1.91,martensite,carbides,martensitic/carbide structure,1146.51,1330.89,9.25,393.23,200.84,22.99,C
demo_0041,demo_synthetic_literature_style,CuCrZr,Cu alloy,Cu,PBF,L-PBF,SLM 280,368.15,1356.548,92.34,50.0,100,Z,45deg,as-built,8.9,1085,320.0,380,17.0,98.916,1.026,5.485,equiaxed,1.0,Cu,Cr/Zr-rich precipitates,"Cu matrix, high-conductivity processing sensitive",389.39,617.27,24.46,136.48,117.2,14.79,A
demo_0042,demo_synthetic_literature_style,CuCrZr,Cu alloy,Cu,PBF,L-PBF,Arcam Q10,331.62,887.842,108.45,30.0,70,XZ,45deg,stress relieved,8.9,1085,320.0,380,17.0,99.229,0.799,17.51,cellular,2.81,Cu,Cr/Zr-rich precipitates,"Cu matrix, high-conductivity processing sensitive",427.14,666.59,22.91,113.53,115.56,20.01,B
demo_0043,demo_synthetic_literature_style,CuCrZr,Cu alloy,Cu,PBF,L-PBF,Renishaw AM250,162.48,948.246,93.55,20.0,100,45deg,horizontal,solution treated,8.9,1085,320.0,380,17.0,99.343,0.667,14.549,columnar,5.06,Cu,Cr/Zr-rich precipitates,"Cu matrix, high-conductivity processing sensitive",338.92,565.68,19.02,98.11,122.26,2.61,B
demo_0044,demo_synthetic_literature_style,AlSi10Mg,Al alloy,Al,PBF,L-PBF,SLM 280,207.62,990.198,105.19,50.0,500,45deg,horizontal,as-built,2.68,580,160.0,910,20.5,98.125,1.74,9.543,mixed columnar-equiaxed,3.75,alpha-Al,Si network/Mg2Si,fine cellular Al-Si network,352.01,546.96,3.88,109.57,71.02,5.95,A
demo_0045,demo_synthetic_literature_style,17-4PH,precipitation-hardening steel,Fe,DED,L-DED,EOS M290,1093.48,15.154,1075.58,489.54,70,XZ,vertical,HIP,7.8,1420,16.0,460,10.4,99.06,1.103,45.955,equiaxed,1.89,martensite/ferrite,Cu-rich precipitates,martensitic or ferritic-martensitic,894.24,1071.95,7.79,257.35,195.56,24.58,A
demo_0046,demo_synthetic_literature_style,CuCrZr,Cu alloy,Cu,PBF,L-PBF,Optomec LENS,395.2,1130.832,80.65,40.0,500,XZ,45deg,stress relieved,8.9,1085,320.0,380,17.0,99.237,0.822,13.042,cellular,2.85,Cu,Cr/Zr-rich precipitates,"Cu matrix, high-conductivity processing sensitive",418.4,626.8,20.08,98.77,119.66,13.57,A
demo_0047,demo_synthetic_literature_style,Maraging Steel M300,maraging steel,Fe,PBF,L-PBF,Optomec LENS,330.91,1133.77,128.91,60.0,100,XZ,horizontal,as-built,8.1,1413,14.2,452,10.3,98.809,1.171,17.181,mixed columnar-equiaxed,1.09,martensite,Ni-Ti-Mo precipitates after aging,martensitic with age hardening,1230.5,1437.95,9.29,370.13,193.57,23.98,A
demo_0048,demo_synthetic_literature_style,316L,stainless steel,Fe,PBF,L-PBF,Renishaw AM250,252.03,1053.104,109.25,50.0,100,45deg,vertical,stress relieved,7.99,1385,16.2,500,16.0,99.014,0.888,15.994,dendritic,5.32,austenite,delta ferrite/carbides possible,"cellular austenitic, melt-pool boundaries",487.16,717.38,31.25,146.56,187.4,16.88,A
demo_0049,demo_synthetic_literature_style,Maraging Steel M300,maraging steel,Fe,PBF,L-PBF,Concept Laser M2,259.49,1477.917,94.69,20.0,70,XY,horizontal,HIP,8.1,1413,14.2,452,10.3,99.287,0.663,9.18,mixed columnar-equiaxed,4.04,martensite,Ni-Ti-Mo precipitates after aging,martensitic with age hardening,1375.59,1596.72,10.17,401.6,192.69,5.79,A
demo_0050,demo_synthetic_literature_style,Maraging Steel M300,maraging steel,Fe,PBF,E-PBF,EOS M290,1785.67,2197.123,172.85,90.0,80,XY,horizontal,annealed,8.1,1413,14.2,452,10.3,98.259,1.638,20.783,columnar,2.44,martensite,Ni-Ti-Mo precipitates after aging,martensitic with age hardening,1150.27,1247.49,12.73,360.04,190.16,26.61,A
demo_0051,demo_synthetic_literature_style,IN718,Ni superalloy,Ni,PBF,L-PBF,Renishaw AM250,323.19,529.607,94.08,50.0,1000,XY,vertical,annealed,8.19,1298,11.4,435,13.0,99.461,0.455,2.0,columnar,5.11,gamma,gamma prime/gamma double prime/Laves/delta,cellular-dendritic gamma matrix,1192.87,1344.59,15.02,336.37,203.45,10.28,A
demo_0052,demo_synthetic_literature_style,H13 Tool Steel,tool steel,Fe,PBF,L-PBF,WAAM lab system,385.97,687.594,75.09,60.0,500,45deg,horizontal,solution treated,7.8,1427,28.6,460,10.4,99.178,0.702,19.195,equiaxed,5.55,martensite,carbides,martensitic/carbide structure,1140.18,1261.6,10.03,364.25,213.08,1.62,A
demo_0053,demo_synthetic_literature_style,CuCrZr,Cu alloy,Cu,DED,WAAM,Renishaw AM250,1859.4,13.984,1644.76,701.55,80,XY,45deg,stress relieved,8.9,1085,320.0,380,17.0,99.538,0.374,60.601,mixed columnar-equiaxed,2.52,Cu,Cr/Zr-rich precipitates,"Cu matrix, high-conductivity processing sensitive",293.81,552.68,22.34,125.09,118.38,14.85,C
demo_0054,demo_synthetic_literature_style,17-4PH,precipitation-hardening steel,Fe,PBF,E-PBF,Concept Laser M2,1954.32,1714.399,114.14,70.0,80,XZ,vertical,aged,7.8,1420,16.0,460,10.4,98.338,1.533,18.392,equiaxed,1.68,martensite/ferrite,Cu-rich precipitates,martensitic or ferritic-martensitic,948.82,1054.14,9.96,312.88,196.43,17.1,B
demo_0055,demo_synthetic_literature_style,IN718,Ni superalloy,Ni,PBF,L-PBF,Concept Laser M2,216.75,655.442,122.46,60.0,500,Z,vertical,stress relieved,8.19,1298,11.4,435,13.0,98.599,1.435,17.326,equiaxed,3.33,gamma,gamma prime/gamma double prime/Laves/delta,cellular-dendritic gamma matrix,1121.72,1222.83,15.92,393.14,202.39,9.39,B
demo_0056,demo_synthetic_literature_style,316L,stainless steel,Fe,DED,L-DED,Concept Laser M2,703.7,21.865,481.52,591.75,80,45deg,vertical,stress relieved,7.99,1385,16.2,500,16.0,98.795,1.23,50.113,cellular,3.15,austenite,delta ferrite/carbides possible,"cellular austenitic, melt-pool boundaries",401.32,550.39,32.43,109.9,178.4,19.22,A
demo_0057,demo_synthetic_literature_style,CuCrZr,Cu alloy,Cu,DED,L-DED,EOS M290,1000.63,20.483,650.06,230.58,80,Z,vertical,as-built,8.9,1085,320.0,380,17.0,98.143,1.852,39.824,cellular,1.22,Cu,Cr/Zr-rich precipitates,"Cu matrix, high-conductivity processing sensitive",294.31,475.87,20.14,89.4,123.24,24.92,A
demo_0058,demo_synthetic_literature_style,AlSi10Mg,Al alloy,Al,DED,L-DED,Concept Laser M2,623.28,30.883,400.99,504.9,80,45deg,horizontal,as-built,2.68,580,160.0,910,20.5,98.453,1.422,51.36,cellular,1.85,alpha-Al,Si network/Mg2Si,fine cellular Al-Si network,262.81,423.78,5.82,112.98,58.6,16.02,A
demo_0059,demo_synthetic_literature_style,AlSi10Mg,Al alloy,Al,DED,L-DED,SLM 280,1251.58,11.848,664.59,758.23,80,45deg,horizontal,as-built,2.68,580,160.0,910,20.5,98.335,1.575,62.598,equiaxed,2.26,alpha-Al,Si network/Mg2Si,fine cellular Al-Si network,312.53,568.22,4.78,107.77,70.79,29.67,A
demo_0060,demo_synthetic_literature_style,IN718,Ni superalloy,Ni,PBF,L-PBF,EOS M290,129.39,610.629,107.21,40.0,70,XZ,vertical,as-built,8.19,1298,11.4,435,13.0,98.928,0.99,2.841,cellular,3.6,gamma,gamma prime/gamma double prime/Laves/delta,cellular-dendritic gamma matrix,1180.12,1282.03,18.5,393.59,203.14,6.64,B
demo_0061,demo_synthetic_literature_style,H13 Tool Steel,tool steel,Fe,PBF,L-PBF,Renishaw AM250,196.28,1418.794,97.27,30.0,1000,XY,horizontal,solution treated,7.8,1427,28.6,460,10.4,99.208,0.935,20.316,columnar,2.58,martensite,carbides,martensitic/carbide structure,1170.29,1327.27,11.18,388.57,216.25,15.81,B
demo_0062,demo_synthetic_literature_style,CoCrMo,Co alloy,Co,DED,WAAM,Optomec LENS,1657.62,3.937,850.72,1019.72,80,XZ,45deg,as-built,8.4,1390,13.0,450,14.0,98.326,1.629,65.307,dendritic,3.88,FCC/HCP Co,carbides,cellular/dendritic CoCr,871.26,968.3,11.22,287.43,226.75,25.07,C
demo_0063,demo_synthetic_literature_style,H13 Tool Steel,tool steel,Fe,PBF,L-PBF,SLM 280,163.12,1193.095,80.38,50.0,500,XY,45deg,as-built,7.8,1427,28.6,460,10.4,97.862,2.134,14.022,cellular,5.3,martensite,carbides,martensitic/carbide structure,1194.38,1429.26,7.26,391.5,210.22,10.78,A
demo_0064,demo_synthetic_literature_style,CoCrMo,Co alloy,Co,PBF,L-PBF,Arcam Q10,306.54,773.187,73.03,40.0,80,45deg,45deg,solution treated,8.4,1390,13.0,450,14.0,98.523,1.518,16.348,equiaxed,1.71,FCC/HCP Co,carbides,cellular/dendritic CoCr,808.27,955.11,11.42,287.21,225.13,12.23,B
demo_0065,demo_synthetic_literature_style,Maraging Steel M300,maraging steel,Fe,PBF,L-PBF,EOS M290,303.23,1053.541,93.77,50.0,500,45deg,45deg,as-built,8.1,1413,14.2,452,10.3,99.076,1.012,13.707,mixed columnar-equiaxed,2.26,martensite,Ni-Ti-Mo precipitates after aging,martensitic with age hardening,1282.75,1518.64,10.05,408.74,187.11,13.52,B
demo_0066,demo_synthetic_literature_style,AlSi10Mg,Al alloy,Al,DED,L-DED,Arcam Q10,948.76,7.822,1111.73,437.0,70,XY,vertical,as-built,2.68,580,160.0,910,20.5,98.729,1.293,37.014,equiaxed,1.72,alpha-Al,Si network/Mg2Si,fine cellular Al-Si network,404.68,636.34,2.37,77.63,60.69,25.17,B
demo_0067,demo_synthetic_literature_style,CoCrMo,Co alloy,Co,PBF,L-PBF,SLM 280,233.72,1017.019,114.5,50.0,70,XY,vertical,as-built,8.4,1390,13.0,450,14.0,97.469,2.563,23.869,mixed columnar-equiaxed,2.37,FCC/HCP Co,carbides,cellular/dendritic CoCr,808.51,952.82,5.83,238.45,218.37,20.56,A
demo_0068,demo_synthetic_literature_style,Ti6Al4V,titanium alloy,Ti,PBF,L-PBF,EOS M290,343.08,523.14,128.75,60.0,500,XY,45deg,as-built,4.43,1660,7.1,560,8.6,99.408,0.584,15.786,columnar,3.87,alpha/beta,alpha-prime martensite possible,"prior beta grains, alpha-prime laths",1248.66,1474.59,11.33,385.11,118.84,9.83,B
demo_0069,demo_synthetic_literature_style,IN625,Ni superalloy,Ni,PBF,L-PBF,SLM 280,260.29,696.742,92.63,30.0,80,Z,vertical,stress relieved,8.44,1320,9.8,429,12.8,99.063,0.938,15.519,dendritic,3.92,gamma,carbides/Laves possible,dendritic gamma matrix,696.77,857.6,32.16,200.21,197.79,11.65,A
demo_0070,demo_synthetic_literature_style,IN718,Ni superalloy,Ni,PBF,L-PBF,Optomec LENS,384.31,778.113,82.13,60.0,500,XY,45deg,as-built,8.19,1298,11.4,435,13.0,98.739,1.214,14.72,mixed columnar-equiaxed,3.78,gamma,gamma prime/gamma double prime/Laves/delta,cellular-dendritic gamma matrix,1068.42,1169.33,17.15,346.23,195.54,1.0,A
demo_0071,demo_synthetic_literature_style,AlSi10Mg,Al alloy,Al,PBF,L-PBF,Renishaw AM250,195.73,794.774,115.89,20.0,70,XY,45deg,aged,2.68,580,160.0,910,20.5,98.902,1.116,18.686,equiaxed,2.39,alpha-Al,Si network/Mg2Si,fine cellular Al-Si network,470.8,577.65,2.13,159.09,76.22,9.41,B
demo_0072,demo_synthetic_literature_style,CoCrMo,Co alloy,Co,PBF,L-PBF,Optomec LENS,149.09,1345.797,107.01,40.0,80,XZ,vertical,stress relieved,8.4,1390,13.0,450,14.0,98.033,1.97,12.13,dendritic,4.55,FCC/HCP Co,carbides,cellular/dendritic CoCr,812.53,918.06,6.75,274.08,212.32,14.34,A
demo_0073,demo_synthetic_literature_style,Maraging Steel M300,maraging steel,Fe,PBF,L-PBF,Renishaw AM250,348.0,1272.353,82.41,40.0,1000,Z,45deg,annealed,8.1,1413,14.2,452,10.3,98.565,1.6,12.647,columnar,2.22,martensite,Ni-Ti-Mo precipitates after aging,martensitic with age hardening,1203.95,1330.73,7.16,369.58,191.99,15.33,C
demo_0074,demo_synthetic_literature_style,Maraging Steel M300,maraging steel,Fe,PBF,L-PBF,Concept Laser M2,193.58,1210.245,121.08,40.0,100,45deg,horizontal,HIP,8.1,1413,14.2,452,10.3,97.966,2.077,22.181,cellular,1.62,martensite,Ni-Ti-Mo precipitates after aging,martensitic with age hardening,1261.22,1494.44,5.99,409.83,187.14,11.0,A
demo_0075,demo_synthetic_literature_style,AlSi10Mg,Al alloy,Al,PBF,L-PBF,Arcam Q10,267.18,1029.746,102.19,60.0,1000,45deg,45deg,stress relieved,2.68,580,160.0,910,20.5,98.351,1.656,15.036,dendritic,3.95,alpha-Al,Si network/Mg2Si,fine cellular Al-Si network,392.15,615.4,7.4,134.24,72.95,5.09,C
demo_0076,demo_synthetic_literature_style,H13 Tool Steel,tool steel,Fe,PBF,L-PBF,Renishaw AM250,195.96,530.055,77.14,20.0,80,Z,horizontal,aged,7.8,1427,28.6,460,10.4,98.975,1.064,20.202,columnar,3.79,martensite,carbides,martensitic/carbide structure,1317.81,1512.35,8.68,351.83,211.91,1.0,C
demo_0077,demo_synthetic_literature_style,CoCrMo,Co alloy,Co,DED,L-DED,Arcam Q10,1015.64,9.586,1136.53,404.83,1000,Z,vertical,as-built,8.4,1390,13.0,450,14.0,98.436,1.674,39.337,cellular,4.44,FCC/HCP Co,carbides,cellular/dendritic CoCr,836.17,976.83,9.62,310.15,220.66,18.99,B
demo_0078,demo_synthetic_literature_style,316L,stainless steel,Fe,DED,L-DED,EOS M290,1202.92,5.069,1194.69,368.54,70,XZ,horizontal,solution treated,7.99,1385,16.2,500,16.0,97.982,2.092,40.635,mixed columnar-equiaxed,1.92,austenite,delta ferrite/carbides possible,"cellular austenitic, melt-pool boundaries",443.65,635.06,32.33,158.53,185.0,18.75,C
demo_0079,demo_synthetic_literature_style,316L,stainless steel,Fe,PBF,L-PBF,EOS M290,258.33,1159.951,105.98,60.0,100,XY,horizontal,aged,7.99,1385,16.2,500,16.0,98.489,1.549,5.816,mixed columnar-equiaxed,3.73,austenite,delta ferrite/carbides possible,"cellular austenitic, melt-pool boundaries",761.48,904.12,30.19,261.44,182.98,13.99,C
demo_0080,demo_synthetic_literature_style,Ti6Al4V,titanium alloy,Ti,DED,L-DED,SLM 280,1324.58,34.754,825.13,596.0,70,45deg,45deg,as-built,4.43,1660,7.1,560,8.6,99.052,1.066,62.566,dendritic,3.51,alpha/beta,alpha-prime martensite possible,"prior beta grains, alpha-prime laths",1018.03,1231.17,11.93,347.57,114.61,25.78,A
demo_0081,demo_synthetic_literature_style,316L,stainless steel,Fe,PBF,L-PBF,WAAM lab system,245.79,1147.072,90.54,50.0,1000,Z,45deg,as-built,7.99,1385,16.2,500,16.0,98.712,1.288,16.541,mixed columnar-equiaxed,4.17,austenite,delta ferrite/carbides possible,"cellular austenitic, melt-pool boundaries",553.24,802.71,33.79,187.94,183.83,20.65,B
demo_0082,demo_synthetic_literature_style,IN625,Ni superalloy,Ni,PBF,L-PBF,EOS M290,353.45,1360.63,84.8,40.0,70,45deg,horizontal,as-built,8.44,1320,9.8,429,12.8,98.384,1.621,12.357,dendritic,3.16,gamma,carbides/Laves possible,dendritic gamma matrix,812.78,932.73,28.85,270.09,207.05,15.7,B
demo_0083,demo_synthetic_literature_style,IN718,Ni superalloy,Ni,PBF,L-PBF,EOS M290,330.42,1452.922,106.6,50.0,70,45deg,vertical,HIP,8.19,1298,11.4,435,13.0,98.434,1.649,21.626,equiaxed,3.7,gamma,gamma prime/gamma double prime/Laves/delta,cellular-dendritic gamma matrix,1100.25,1257.8,15.45,341.72,204.99,17.92,B
demo_0084,demo_synthetic_literature_style,Ti6Al4V,titanium alloy,Ti,PBF,L-PBF,Arcam Q10,253.18,1435.937,121.24,30.0,1000,XZ,vertical,stress relieved,4.43,1660,7.1,560,8.6,98.168,1.909,17.691,cellular,3.6,alpha/beta,alpha-prime martensite possible,"prior beta grains, alpha-prime laths",1005.05,1097.66,7.96,310.77,116.71,6.27,B
demo_0085,demo_synthetic_literature_style,17-4PH,precipitation-hardening steel,Fe,PBF,L-PBF,SLM 280,413.46,1244.992,115.88,30.0,100,XZ,horizontal,as-built,7.8,1420,16.0,460,10.4,99.712,0.178,22.332,dendritic,3.65,martensite/ferrite,Cu-rich precipitates,martensitic or ferritic-martensitic,974.92,1212.5,11.05,325.61,199.23,20.72,B
demo_0086,demo_synthetic_literature_style,Ti6Al4V,titanium alloy,Ti,DED,L-DED,WAAM lab system,1397.66,30.817,534.16,204.5,80,45deg,vertical,as-built,4.43,1660,7.1,560,8.6,98.003,2.033,40.896,columnar,2.12,alpha/beta,alpha-prime martensite possible,"prior beta grains, alpha-prime laths",1009.9,1186.55,7.15,320.04,106.04,19.52,C
demo_0087,demo_synthetic_literature_style,CuCrZr,Cu alloy,Cu,PBF,E-PBF,Arcam Q10,638.72,1383.841,154.36,90.0,500,Z,horizontal,as-built,8.9,1085,320.0,380,17.0,98.1,2.014,17.963,dendritic,2.05,Cu,Cr/Zr-rich precipitates,"Cu matrix, high-conductivity processing sensitive",386.04,566.98,17.81,127.29,117.96,16.61,B
demo_0088,demo_synthetic_literature_style,Ti6Al4V,titanium alloy,Ti,PBF,L-PBF,WAAM lab system,369.76,676.356,95.41,40.0,120,XY,horizontal,as-built,4.43,1660,7.1,560,8.6,98.936,1.128,15.082,equiaxed,2.84,alpha/beta,alpha-prime martensite possible,"prior beta grains, alpha-prime laths",1145.31,1266.04,12.84,381.82,118.87,19.45,B
demo_0089,demo_synthetic_literature_style,17-4PH,precipitation-hardening steel,Fe,PBF,L-PBF,SLM 280,258.36,924.777,73.09,40.0,80,Z,vertical,as-built,7.8,1420,16.0,460,10.4,99.038,0.874,18.204,dendritic,2.14,martensite/ferrite,Cu-rich precipitates,martensitic or ferritic-martensitic,903.28,1132.11,12.82,312.38,207.44,10.37,C
demo_0090,demo_synthetic_literature_style,316L,stainless steel,Fe,DED,L-DED,EOS M290,1040.38,31.791,515.13,727.44,500,XY,45deg,as-built,7.99,1385,16.2,500,16.0,99.206,0.765,60.484,columnar,1.21,austenite,delta ferrite/carbides possible,"cellular austenitic, melt-pool boundaries",541.75,741.06,33.46,156.01,188.82,23.89,A
demo_0091,demo_synthetic_literature_style,H13 Tool Steel,tool steel,Fe,PBF,L-PBF,WAAM lab system,315.68,1323.127,80.08,20.0,100,45deg,vertical,aged,7.8,1427,28.6,460,10.4,98.178,1.75,11.422,mixed columnar-equiaxed,2.81,martensite,carbides,martensitic/carbide structure,1381.28,1519.76,5.6,477.79,210.31,12.22,C
demo_0092,demo_synthetic_literature_style,IN625,Ni superalloy,Ni,PBF,L-PBF,WAAM lab system,271.25,1250.266,97.88,20.0,80,XY,45deg,as-built,8.44,1320,9.8,429,12.8,98.122,1.718,9.741,dendritic,3.51,gamma,carbides/Laves possible,dendritic gamma matrix,810.7,911.76,28.95,251.91,210.1,18.18,C
demo_0093,demo_synthetic_literature_style,CoCrMo,Co alloy,Co,PBF,L-PBF,EOS M290,239.55,1490.388,78.23,60.0,80,XY,vertical,solution treated,8.4,1390,13.0,450,14.0,98.566,1.443,15.008,columnar,4.97,FCC/HCP Co,carbides,cellular/dendritic CoCr,707.0,899.19,7.87,198.39,218.18,10.47,B
demo_0094,demo_synthetic_literature_style,H13 Tool Steel,tool steel,Fe,PBF,E-PBF,Renishaw AM250,1916.4,1785.978,146.11,70.0,500,XY,vertical,stress relieved,7.8,1427,28.6,460,10.4,99.765,0.379,13.03,equiaxed,1.84,martensite,carbides,martensitic/carbide structure,1150.52,1351.98,7.42,368.21,205.01,24.49,C
demo_0095,demo_synthetic_literature_style,CuCrZr,Cu alloy,Cu,PBF,L-PBF,EOS M290,367.98,1061.223,93.12,50.0,500,Z,vertical,stress relieved,8.9,1085,320.0,380,17.0,98.873,1.022,19.628,dendritic,2.7,Cu,Cr/Zr-rich precipitates,"Cu matrix, high-conductivity processing sensitive",399.57,633.39,19.5,94.49,118.42,14.19,A
demo_0096,demo_synthetic_literature_style,CuCrZr,Cu alloy,Cu,PBF,L-PBF,Optomec LENS,171.59,1390.264,98.2,30.0,70,XZ,45deg,solution treated,8.9,1085,320.0,380,17.0,98.779,1.2,18.001,dendritic,5.43,Cu,Cr/Zr-rich precipitates,"Cu matrix, high-conductivity processing sensitive",418.49,572.86,16.49,111.83,127.42,5.65,B
demo_0097,demo_synthetic_literature_style,Ti6Al4V,titanium alloy,Ti,PBF,L-PBF,Arcam Q10,182.1,922.734,80.57,20.0,1000,Z,45deg,as-built,4.43,1660,7.1,560,8.6,98.758,1.188,8.726,columnar,2.62,alpha/beta,alpha-prime martensite possible,"prior beta grains, alpha-prime laths",1196.11,1401.42,9.6,408.01,111.55,10.88,A
demo_0098,demo_synthetic_literature_style,AlSi10Mg,Al alloy,Al,PBF,L-PBF,Optomec LENS,398.9,599.831,76.44,20.0,80,XZ,vertical,HIP,2.68,580,160.0,910,20.5,97.72,2.1,5.828,cellular,4.82,alpha-Al,Si network/Mg2Si,fine cellular Al-Si network,379.46,516.71,5.94,132.68,73.91,6.59,A
demo_0099,demo_synthetic_literature_style,IN718,Ni superalloy,Ni,DED,L-DED,SLM 280,941.39,14.718,1158.92,546.12,1000,XY,vertical,as-built,8.19,1298,11.4,435,13.0,99.084,0.872,42.569,mixed columnar-equiaxed,1.02,gamma,gamma prime/gamma double prime/Laves/delta,cellular-dendritic gamma matrix,1087.97,1337.76,16.82,331.14,205.13,28.42,A
demo_0100,demo_synthetic_literature_style,Ti6Al4V,titanium alloy,Ti,PBF,L-PBF,Optomec LENS,177.96,603.283,121.97,20.0,500,XZ,45deg,HIP,4.43,1660,7.1,560,8.6,99.568,0.389,19.269,cellular,3.57,alpha/beta,alpha-prime martensite possible,"prior beta grains, alpha-prime laths",1117.44,1247.83,7.86,356.18,106.2,17.8,C
demo_0101,demo_synthetic_literature_style,CoCrMo,Co alloy,Co,PBF,E-PBF,Renishaw AM250,1549.46,1493.09,159.05,70.0,1000,XY,vertical,as-built,8.4,1390,13.0,450,14.0,98.589,1.36,20.147,dendritic,2.16,FCC/HCP Co,carbides,cellular/dendritic CoCr,948.69,1048.5,7.22,331.01,220.49,29.77,A
demo_0102,demo_synthetic_literature_style,AlSi10Mg,Al alloy,Al,DED,L-DED,Optomec LENS,1118.94,27.666,605.94,696.07,120,45deg,vertical,HIP,2.68,580,160.0,910,20.5,99.09,0.962,60.365,equiaxed,3.74,alpha-Al,Si network/Mg2Si,fine cellular Al-Si network,412.82,641.53,4.52,142.49,66.88,25.14,B
demo_0103,demo_synthetic_literature_style,CuCrZr,Cu alloy,Cu,DED,WAAM,WAAM lab system,904.06,11.165,1756.54,539.8,100,45deg,vertical,as-built,8.9,1085,320.0,380,17.0,99.216,0.611,36.905,mixed columnar-equiaxed,3.0,Cu,Cr/Zr-rich precipitates,"Cu matrix, high-conductivity processing sensitive",379.91,530.0,21.06,89.39,119.88,37.02,A
demo_0104,demo_synthetic_literature_style,IN625,Ni superalloy,Ni,DED,L-DED,Optomec LENS,1121.59,13.11,528.47,664.94,120,Z,vertical,as-built,8.44,1320,9.8,429,12.8,97.911,2.11,60.32,dendritic,1.0,gamma,carbides/Laves possible,dendritic gamma matrix,666.64,889.9,26.5,190.91,205.27,12.49,B
demo_0105,demo_synthetic_literature_style,17-4PH,precipitation-hardening steel,Fe,PBF,L-PBF,Renishaw AM250,363.29,981.764,103.86,50.0,500,XY,vertical,as-built,7.8,1420,16.0,460,10.4,98.355,1.744,2.0,equiaxed,3.15,martensite/ferrite,Cu-rich precipitates,martensitic or ferritic-martensitic,886.31,1073.06,10.27,269.03,202.02,15.39,B
demo_0106,demo_synthetic_literature_style,CuCrZr,Cu alloy,Cu,PBF,L-PBF,Arcam Q10,382.3,523.97,101.23,60.0,70,Z,vertical,aged,8.9,1085,320.0,380,17.0,98.456,1.639,10.437,equiaxed,2.94,Cu,Cr/Zr-rich precipitates,"Cu matrix, high-conductivity processing sensitive",539.3,791.26,13.6,179.69,124.84,13.76,A
demo_0107,demo_synthetic_literature_style,17-4PH,precipitation-hardening steel,Fe,PBF,L-PBF,Concept Laser M2,184.3,639.624,81.31,40.0,100,XZ,45deg,stress relieved,7.8,1420,16.0,460,10.4,98.441,1.629,15.621,dendritic,3.91,martensite/ferrite,Cu-rich precipitates,martensitic or ferritic-martensitic,985.67,1153.49,8.73,334.41,213.55,10.72,C
demo_0108,demo_synthetic_literature_style,Maraging Steel M300,maraging steel,Fe,PBF,L-PBF,Concept Laser M2,248.71,931.076,72.15,30.0,100,XZ,45deg,as-built,8.1,1413,14.2,452,10.3,98.805,1.112,27.359,columnar,3.83,martensite,Ni-Ti-Mo precipitates after aging,martensitic with age hardening,1234.19,1354.81,11.78,395.4,188.74,15.37,A
demo_0109,demo_synthetic_literature_style,H13 Tool Steel,tool steel,Fe,DED,L-DED,Optomec LENS,1421.22,8.525,447.86,700.82,1000,Z,vertical,as-built,7.8,1427,28.6,460,10.4,98.413,1.557,53.999,equiaxed,1.79,martensite,carbides,martensitic/carbide structure,1102.03,1216.4,8.66,378.4,201.33,30.17,B
demo_0110,demo_synthetic_literature_style,AlSi10Mg,Al alloy,Al,PBF,E-PBF,Optomec LENS,716.6,1000.932,195.72,50.0,1000,Z,45deg,as-built,2.68,580,160.0,910,20.5,99.153,0.924,5.411,equiaxed,3.03,alpha-Al,Si network/Mg2Si,fine cellular Al-Si network,420.46,574.25,2.05,135.02,71.82,28.34,A
demo_0111,demo_synthetic_literature_style,IN625,Ni superalloy,Ni,PBF,L-PBF,SLM 280,283.05,1398.922,128.31,20.0,120,XZ,vertical,aged,8.44,1320,9.8,429,12.8,99.185,0.585,11.095,mixed columnar-equiaxed,3.34,gamma,carbides/Laves possible,dendritic gamma matrix,886.0,1109.15,29.62,317.02,199.57,14.02,A
demo_0112,demo_synthetic_literature_style,CoCrMo,Co alloy,Co,PBF,L-PBF,EOS M290,253.82,1430.684,106.73,20.0,80,XZ,horizontal,as-built,8.4,1390,13.0,450,14.0,98.945,0.905,24.174,dendritic,4.1,FCC/HCP Co,carbides,cellular/dendritic CoCr,868.61,962.4,11.13,244.95,225.91,10.06,B
demo_0113,demo_synthetic_literature_style,316L,stainless steel,Fe,PBF,L-PBF,WAAM lab system,166.08,563.328,81.71,20.0,500,Z,45deg,solution treated,7.99,1385,16.2,500,16.0,99.056,0.965,16.91,cellular,3.49,austenite,delta ferrite/carbides possible,"cellular austenitic, melt-pool boundaries",544.67,782.48,32.18,231.44,182.16,19.57,A
demo_0114,demo_synthetic_literature_style,Ti6Al4V,titanium alloy,Ti,PBF,L-PBF,SLM 280,224.37,590.579,83.56,40.0,500,Z,vertical,stress relieved,4.43,1660,7.1,560,8.6,99.287,0.716,12.697,cellular,3.29,alpha/beta,alpha-prime martensite possible,"prior beta grains, alpha-prime laths",1103.56,1243.65,13.78,360.52,109.44,16.95,A
demo_0115,demo_synthetic_literature_style,Ti6Al4V,titanium alloy,Ti,DED,L-DED,Optomec LENS,751.51,26.657,535.1,762.0,70,XY,45deg,as-built,4.43,1660,7.1,560,8.6,98.363,1.568,50.287,columnar,2.44,alpha/beta,alpha-prime martensite possible,"prior beta grains, alpha-prime laths",1013.5,1258.53,9.39,253.05,107.76,31.73,C
demo_0116,demo_synthetic_literature_style,H13 Tool Steel,tool steel,Fe,PBF,L-PBF,WAAM lab system,246.53,566.826,105.58,40.0,80,XY,horizontal,aged,7.8,1427,28.6,460,10.4,99.399,0.59,15.74,dendritic,5.83,martensite,carbides,martensitic/carbide structure,1423.59,1540.22,7.17,444.39,208.37,15.06,A
demo_0117,demo_synthetic_literature_style,CuCrZr,Cu alloy,Cu,PBF,E-PBF,SLM 280,1726.0,2388.92,131.38,70.0,70,XZ,45deg,stress relieved,8.9,1085,320.0,380,17.0,99.559,0.448,26.212,dendritic,2.56,Cu,Cr/Zr-rich precipitates,"Cu matrix, high-conductivity processing sensitive",428.58,625.85,18.89,116.91,122.3,30.93,A
demo_0118,demo_synthetic_literature_style,CuCrZr,Cu alloy,Cu,DED,WAAM,Renishaw AM250,2165.56,11.839,1581.51,823.24,1000,XY,45deg,as-built,8.9,1085,320.0,380,17.0,98.324,1.685,69.912,dendritic,2.19,Cu,Cr/Zr-rich precipitates,"Cu matrix, high-conductivity processing sensitive",194.76,319.76,20.09,70.0,130.48,16.26,B
demo_0119,demo_synthetic_literature_style,17-4PH,precipitation-hardening steel,Fe,PBF,L-PBF,WAAM lab system,166.33,697.667,87.48,50.0,100,XZ,vertical,aged,7.8,1420,16.0,460,10.4,98.761,1.248,16.48,mixed columnar-equiaxed,4.28,martensite/ferrite,Cu-rich precipitates,martensitic or ferritic-martensitic,1045.48,1303.02,9.64,302.93,201.64,13.07,A
demo_0120,demo_synthetic_literature_style,CoCrMo,Co alloy,Co,PBF,L-PBF,WAAM lab system,212.5,627.276,103.01,60.0,120,XY,45deg,as-built,8.4,1390,13.0,450,14.0,98.443,1.469,16.937,mixed columnar-equiaxed,2.35,FCC/HCP Co,carbides,cellular/dendritic CoCr,902.13,1123.26,6.12,276.85,216.88,19.95,B
demo_0121,demo_synthetic_literature_style,Maraging Steel M300,maraging steel,Fe,PBF,E-PBF,Renishaw AM250,687.98,1508.957,127.05,90.0,500,Z,horizontal,aged,8.1,1413,14.2,452,10.3,97.663,2.333,28.485,mixed columnar-equiaxed,2.33,martensite,Ni-Ti-Mo precipitates after aging,martensitic with age hardening,1378.54,1569.8,7.0,467.08,180.01,14.91,A
demo_0122,demo_synthetic_literature_style,IN718,Ni superalloy,Ni,PBF,L-PBF,SLM 280,348.95,1430.003,99.88,50.0,70,XY,horizontal,as-built,8.19,1298,11.4,435,13.0,97.83,2.069,2.0,cellular,3.27,gamma,gamma prime/gamma double prime/Laves/delta,cellular-dendritic gamma matrix,1092.56,1261.01,12.87,379.41,210.99,10.98,C
demo_0123,demo_synthetic_literature_style,AlSi10Mg,Al alloy,Al,PBF,L-PBF,EOS M290,263.16,994.315,94.44,50.0,100,XZ,vertical,as-built,2.68,580,160.0,910,20.5,98.687,1.392,7.511,equiaxed,5.51,alpha-Al,Si network/Mg2Si,fine cellular Al-Si network,339.59,552.67,6.72,70.0,65.35,21.1,A
demo_0124,demo_synthetic_literature_style,AlSi10Mg,Al alloy,Al,PBF,L-PBF,Concept Laser M2,386.97,814.348,94.1,50.0,1000,45deg,horizontal,annealed,2.68,580,160.0,910,20.5,99.363,0.619,3.816,cellular,2.7,alpha-Al,Si network/Mg2Si,fine cellular Al-Si network,356.77,454.07,7.37,75.91,66.38,8.51,B
demo_0125,demo_synthetic_literature_style,17-4PH,precipitation-hardening steel,Fe,DED,L-DED,Concept Laser M2,943.17,30.024,945.06,315.15,1000,Z,vertical,as-built,7.8,1420,16.0,460,10.4,99.178,0.887,36.883,columnar,1.81,martensite/ferrite,Cu-rich precipitates,martensitic or ferritic-martensitic,922.2,1106.38,8.35,268.81,195.3,21.19,A
demo_0126,demo_synthetic_literature_style,AlSi10Mg,Al alloy,Al,PBF,L-PBF,Concept Laser M2,409.36,764.598,95.8,30.0,70,XZ,vertical,HIP,2.68,580,160.0,910,20.5,98.24,1.762,12.18,columnar,3.84,alpha-Al,Si network/Mg2Si,fine cellular Al-Si network,389.56,549.7,1.5,94.1,70.15,18.17,B
demo_0127,demo_synthetic_literature_style,Maraging Steel M300,maraging steel,Fe,PBF,L-PBF,Renishaw AM250,418.22,538.644,82.48,60.0,100,Z,vertical,as-built,8.1,1413,14.2,452,10.3,99.078,0.866,14.284,columnar,1.88,martensite,Ni-Ti-Mo precipitates after aging,martensitic with age hardening,1190.8,1355.09,12.81,359.51,187.72,3.68,A
demo_0128,demo_synthetic_literature_style,17-4PH,precipitation-hardening steel,Fe,DED,L-DED,Optomec LENS,1448.0,24.268,952.32,789.79,1000,XZ,vertical,as-built,7.8,1420,16.0,460,10.4,98.918,1.108,62.921,equiaxed,3.78,martensite/ferrite,Cu-rich precipitates,martensitic or ferritic-martensitic,819.7,1058.01,10.57,292.74,206.32,16.47,A
demo_0129,demo_synthetic_literature_style,CoCrMo,Co alloy,Co,PBF,E-PBF,Arcam Q10,707.83,1498.719,114.73,70.0,100,45deg,horizontal,as-built,8.4,1390,13.0,450,14.0,98.672,1.311,13.197,columnar,2.49,FCC/HCP Co,carbides,cellular/dendritic CoCr,872.36,1086.5,9.04,283.37,216.61,28.19,A
demo_0130,demo_synthetic_literature_style,AlSi10Mg,Al alloy,Al,PBF,L-PBF,Optomec LENS,187.41,1346.671,93.95,30.0,120,XY,45deg,stress relieved,2.68,580,160.0,910,20.5,98.714,1.289,18.071,cellular,4.68,alpha-Al,Si network/Mg2Si,fine cellular Al-Si network,356.55,465.02,7.5,70.0,77.95,14.25,A
demo_0131,demo_synthetic_literature_style,Maraging Steel M300,maraging steel,Fe,DED,L-DED,Optomec LENS,1454.17,14.174,895.13,655.98,80,Z,vertical,as-built,8.1,1413,14.2,452,10.3,98.823,1.199,61.306,cellular,1.0,martensite,Ni-Ti-Mo precipitates after aging,martensitic with age hardening,1260.68,1409.82,9.5,401.57,182.64,28.02,A
demo_0132,demo_synthetic_literature_style,CuCrZr,Cu alloy,Cu,PBF,L-PBF,EOS M290,344.81,787.855,77.07,20.0,100,XY,vertical,aged,8.9,1085,320.0,380,17.0,98.054,1.95,12.285,columnar,4.67,Cu,Cr/Zr-rich precipitates,"Cu matrix, high-conductivity processing sensitive",515.42,623.84,14.98,153.6,126.36,15.22,B
demo_0133,demo_synthetic_literature_style,IN718,Ni superalloy,Ni,PBF,L-PBF,Renishaw AM250,323.39,1023.09,81.31,30.0,80,XZ,45deg,aged,8.19,1298,11.4,435,13.0,98.369,1.691,14.272,cellular,5.89,gamma,gamma prime/gamma double prime/Laves/delta,cellular-dendritic gamma matrix,1202.0,1456.49,13.06,432.7,210.96,7.82,A
demo_0134,demo_synthetic_literature_style,H13 Tool Steel,tool steel,Fe,PBF,L-PBF,SLM 280,243.71,1375.539,87.04,50.0,80,Z,horizontal,as-built,7.8,1427,28.6,460,10.4,98.167,1.826,4.912,equiaxed,3.64,martensite,carbides,martensitic/carbide structure,1198.73,1436.39,7.35,346.31,214.94,14.19,B
demo_0135,demo_synthetic_literature_style,Maraging Steel M300,maraging steel,Fe,PBF,L-PBF,Concept Laser M2,368.88,524.451,83.21,60.0,120,Z,horizontal,solution treated,8.1,1413,14.2,452,10.3,98.753,1.345,11.163,mixed columnar-equiaxed,4.14,martensite,Ni-Ti-Mo precipitates after aging,martensitic with age hardening,1205.39,1387.91,10.3,385.3,194.37,8.79,A
demo_0136,demo_synthetic_literature_style,IN625,Ni superalloy,Ni,PBF,L-PBF,Concept Laser M2,344.91,757.613,122.0,50.0,100,Z,horizontal,as-built,8.44,1320,9.8,429,12.8,98.541,1.359,16.961,cellular,3.03,gamma,carbides/Laves possible,dendritic gamma matrix,890.36,1060.65,24.36,292.3,199.36,9.04,A
demo_0137,demo_synthetic_literature_style,H13 Tool Steel,tool steel,Fe,PBF,L-PBF,Optomec LENS,310.67,1243.995,101.9,20.0,100,45deg,45deg,aged,7.8,1427,28.6,460,10.4,98.827,1.194,19.15,dendritic,3.34,martensite,carbides,martensitic/carbide structure,1304.09,1427.1,3.35,436.7,209.43,5.92,B
demo_0138,demo_synthetic_literature_style,Maraging Steel M300,maraging steel,Fe,PBF,L-PBF,WAAM lab system,390.87,1421.898,89.93,40.0,500,XZ,horizontal,solution treated,8.1,1413,14.2,452,10.3,98.952,0.941,20.284,columnar,2.1,martensite,Ni-Ti-Mo precipitates after aging,martensitic with age hardening,1193.07,1333.84,14.6,413.05,190.49,6.36,A
demo_0139,demo_synthetic_literature_style,Ti6Al4V,titanium alloy,Ti,DED,L-DED,Renishaw AM250,1138.26,28.233,904.73,729.31,100,45deg,horizontal,HIP,4.43,1660,7.1,560,8.6,98.612,1.37,49.813,cellular,1.68,alpha/beta,alpha-prime martensite possible,"prior beta grains, alpha-prime laths",1097.88,1329.46,6.99,349.41,109.9,25.67,B
demo_0140,demo_synthetic_literature_style,316L,stainless steel,Fe,DED,L-DED,SLM 280,668.88,12.391,1073.66,398.12,1000,45deg,vertical,as-built,7.99,1385,16.2,500,16.0,99.233,0.705,38.444,equiaxed,2.51,austenite,delta ferrite/carbides possible,"cellular austenitic, melt-pool boundaries",533.37,746.48,35.45,152.69,186.91,21.06,A
demo_0141,demo_synthetic_literature_style,CuCrZr,Cu alloy,Cu,PBF,L-PBF,Concept Laser M2,290.65,789.834,103.26,30.0,70,Z,vertical,solution treated,8.9,1085,320.0,380,17.0,99.763,0.154,13.923,columnar,2.32,Cu,Cr/Zr-rich precipitates,"Cu matrix, high-conductivity processing sensitive",335.84,442.14,20.7,81.91,114.74,11.13,B
demo_0142,demo_synthetic_literature_style,IN718,Ni superalloy,Ni,PBF,L-PBF,EOS M290,146.01,722.368,96.46,50.0,1000,45deg,horizontal,solution treated,8.19,1298,11.4,435,13.0,99.41,0.554,14.932,cellular,2.2,gamma,gamma prime/gamma double prime/Laves/delta,cellular-dendritic gamma matrix,1153.73,1255.65,18.31,379.59,198.27,13.26,A
demo_0143,demo_synthetic_literature_style,Maraging Steel M300,maraging steel,Fe,DED,L-DED,EOS M290,1162.2,27.125,457.48,509.41,120,45deg,horizontal,as-built,8.1,1413,14.2,452,10.3,97.95,1.971,51.597,equiaxed,3.41,martensite,Ni-Ti-Mo precipitates after aging,martensitic with age hardening,1250.76,1429.24,4.86,411.01,195.08,15.05,A
demo_0144,demo_synthetic_literature_style,AlSi10Mg,Al alloy,Al,PBF,L-PBF,Concept Laser M2,120.17,931.946,116.15,40.0,100,XY,horizontal,aged,2.68,580,160.0,910,20.5,98.098,1.876,13.112,cellular,2.94,alpha-Al,Si network/Mg2Si,fine cellular Al-Si network,483.83,717.51,2.57,167.13,68.48,9.54,A
demo_0145,demo_synthetic_literature_style,IN718,Ni superalloy,Ni,DED,L-DED,Concept Laser M2,1335.61,11.92,1124.63,500.13,70,45deg,45deg,HIP,8.19,1298,11.4,435,13.0,98.775,1.302,35.289,equiaxed,1.0,gamma,gamma prime/gamma double prime/Laves/delta,cellular-dendritic gamma matrix,1126.5,1356.72,14.86,367.64,202.69,28.99,B
demo_0146,demo_synthetic_literature_style,H13 Tool Steel,tool steel,Fe,PBF,L-PBF,Arcam Q10,417.08,1026.773,108.34,50.0,100,XY,vertical,as-built,7.8,1427,28.6,460,10.4,97.992,2.069,21.83,equiaxed,4.14,martensite,carbides,martensitic/carbide structure,1107.4,1341.53,9.68,378.74,217.79,6.74,A
demo_0147,demo_synthetic_literature_style,Ti6Al4V,titanium alloy,Ti,PBF,L-PBF,Concept Laser M2,391.83,1298.448,86.15,20.0,100,Z,vertical,as-built,4.43,1660,7.1,560,8.6,98.973,1.073,13.528,dendritic,3.72,alpha/beta,alpha-prime martensite possible,"prior beta grains, alpha-prime laths",1082.12,1329.6,13.45,326.55,111.06,12.07,C
demo_0148,demo_synthetic_literature_style,IN718,Ni superalloy,Ni,PBF,L-PBF,EOS M290,176.61,1350.521,96.78,30.0,1000,XZ,horizontal,as-built,8.19,1298,11.4,435,13.0,97.751,2.251,6.79,mixed columnar-equiaxed,3.12,gamma,gamma prime/gamma double prime/Laves/delta,cellular-dendritic gamma matrix,1120.87,1358.37,11.76,367.35,203.5,16.03,B
demo_0149,demo_synthetic_literature_style,IN718,Ni superalloy,Ni,DED,L-DED,Optomec LENS,560.43,22.452,417.38,709.28,1000,45deg,horizontal,as-built,8.19,1298,11.4,435,13.0,98.929,0.959,61.397,mixed columnar-equiaxed,1.12,gamma,gamma prime/gamma double prime/Laves/delta,cellular-dendritic gamma matrix,1113.97,1349.4,17.75,366.59,205.79,23.75,B
demo_0150,demo_synthetic_literature_style,316L,stainless steel,Fe,DED,L-DED,SLM 280,1494.29,21.485,520.03,321.67,120,45deg,vertical,as-built,7.99,1385,16.2,500,16.0,98.181,1.77,30.918,dendritic,1.14,austenite,delta ferrite/carbides possible,"cellular austenitic, melt-pool boundaries",447.67,564.73,33.95,189.63,197.13,15.24,A
demo_0151,demo_synthetic_literature_style,H13 Tool Steel,tool steel,Fe,PBF,L-PBF,SLM 280,133.79,852.212,112.68,30.0,100,Z,vertical,stress relieved,7.8,1427,28.6,460,10.4,97.778,2.244,7.119,equiaxed,3.7,martensite,carbides,martensitic/carbide structure,1071.28,1221.63,9.47,371.19,206.08,5.18,A
demo_0152,demo_synthetic_literature_style,H13 Tool Steel,tool steel,Fe,PBF,L-PBF,EOS M290,193.67,542.552,83.42,20.0,80,XZ,45deg,stress relieved,7.8,1427,28.6,460,10.4,98.181,1.856,10.3,dendritic,2.42,martensite,carbides,martensitic/carbide structure,1125.92,1308.37,10.7,378.27,209.35,15.71,B
demo_0153,demo_synthetic_literature_style,Maraging Steel M300,maraging steel,Fe,PBF,L-PBF,Arcam Q10,405.58,512.052,115.78,50.0,1000,XZ,horizontal,solution treated,8.1,1413,14.2,452,10.3,99.109,0.829,17.559,columnar,4.05,martensite,Ni-Ti-Mo precipitates after aging,martensitic with age hardening,1101.21,1229.39,14.38,279.04,186.92,18.15,A
demo_0154,demo_synthetic_literature_style,Ti6Al4V,titanium alloy,Ti,PBF,L-PBF,Optomec LENS,166.07,1239.77,74.5,60.0,500,XY,horizontal,stress relieved,4.43,1660,7.1,560,8.6,98.611,1.235,21.774,columnar,3.44,alpha/beta,alpha-prime martensite possible,"prior beta grains, alpha-prime laths",995.08,1176.43,9.97,295.56,118.33,16.39,B
demo_0155,demo_synthetic_literature_style,AlSi10Mg,Al alloy,Al,PBF,L-PBF,Concept Laser M2,185.87,963.922,126.55,40.0,80,Z,horizontal,aged,2.68,580,160.0,910,20.5,97.904,2.224,13.8,dendritic,2.34,alpha-Al,Si network/Mg2Si,fine cellular Al-Si network,465.48,631.14,1.5,118.29,70.47,4.63,C
demo_0156,demo_synthetic_literature_style,CoCrMo,Co alloy,Co,PBF,L-PBF,EOS M290,416.19,650.598,75.3,50.0,70,XY,vertical,as-built,8.4,1390,13.0,450,14.0,98.581,1.347,9.273,cellular,5.5,FCC/HCP Co,carbides,cellular/dendritic CoCr,888.95,1034.03,9.36,242.35,216.73,13.29,C
demo_0157,demo_synthetic_literature_style,CoCrMo,Co alloy,Co,PBF,L-PBF,Optomec LENS,372.82,946.389,127.18,30.0,70,Z,vertical,aged,8.4,1390,13.0,450,14.0,98.692,1.322,9.657,mixed columnar-equiaxed,3.23,FCC/HCP Co,carbides,cellular/dendritic CoCr,1029.09,1172.84,5.9,344.09,221.19,11.47,A
demo_0158,demo_synthetic_literature_style,Maraging Steel M300,maraging steel,Fe,PBF,E-PBF,SLM 280,1270.37,1360.191,142.63,70.0,70,XY,45deg,stress relieved,8.1,1413,14.2,452,10.3,98.738,1.27,25.68,dendritic,1.0,martensite,Ni-Ti-Mo precipitates after aging,martensitic with age hardening,1281.95,1417.8,5.32,418.96,197.88,27.93,B
demo_0159,demo_synthetic_literature_style,AlSi10Mg,Al alloy,Al,PBF,L-PBF,Concept Laser M2,238.22,1310.303,92.67,60.0,500,XY,45deg,annealed,2.68,580,160.0,910,20.5,98.022,1.954,16.19,mixed columnar-equiaxed,2.73,alpha-Al,Si network/Mg2Si,fine cellular Al-Si network,230.21,410.86,2.59,84.03,72.73,13.39,C
demo_0160,demo_synthetic_literature_style,17-4PH,precipitation-hardening steel,Fe,PBF,L-PBF,EOS M290,300.41,1263.844,87.09,40.0,120,45deg,45deg,as-built,7.8,1420,16.0,460,10.4,98.787,1.206,10.815,cellular,5.71,martensite/ferrite,Cu-rich precipitates,martensitic or ferritic-martensitic,920.99,1038.77,8.02,307.94,201.26,3.57,B
demo_0161,demo_synthetic_literature_style,17-4PH,precipitation-hardening steel,Fe,DED,L-DED,Optomec LENS,1586.41,5.487,762.01,705.59,70,XY,horizontal,stress relieved,7.8,1420,16.0,460,10.4,98.462,1.437,67.943,columnar,2.86,martensite/ferrite,Cu-rich precipitates,martensitic or ferritic-martensitic,823.81,1008.95,13.15,269.73,199.86,21.04,B
demo_0162,demo_synthetic_literature_style,17-4PH,precipitation-hardening steel,Fe,PBF,L-PBF,EOS M290,247.1,1430.106,100.14,60.0,500,XY,45deg,as-built,7.8,1420,16.0,460,10.4,98.276,1.718,6.999,mixed columnar-equiaxed,2.03,martensite/ferrite,Cu-rich precipitates,martensitic or ferritic-martensitic,954.59,1111.84,2.75,313.07,197.61,19.85,C
demo_0163,demo_synthetic_literature_style,Ti6Al4V,titanium alloy,Ti,PBF,L-PBF,Renishaw AM250,175.94,801.401,71.86,60.0,120,Z,horizontal,as-built,4.43,1660,7.1,560,8.6,98.568,1.491,12.225,columnar,4.5,alpha/beta,alpha-prime martensite possible,"prior beta grains, alpha-prime laths",1036.83,1241.56,10.75,357.53,117.3,23.5,C
demo_0164,demo_synthetic_literature_style,H13 Tool Steel,tool steel,Fe,PBF,L-PBF,Renishaw AM250,259.95,861.299,121.16,20.0,1000,XY,horizontal,as-built,7.8,1427,28.6,460,10.4,99.169,0.839,6.262,columnar,4.27,martensite,carbides,martensitic/carbide structure,1156.4,1275.78,12.57,444.47,211.83,15.5,A
demo_0165,demo_synthetic_literature_style,316L,stainless steel,Fe,DED,WAAM,Optomec LENS,3329.65,10.278,2007.61,1570.38,120,XY,horizontal,solution treated,7.99,1385,16.2,500,16.0,98.388,1.75,102.156,mixed columnar-equiaxed,2.58,austenite,delta ferrite/carbides possible,"cellular austenitic, melt-pool boundaries",356.43,560.26,33.19,139.09,189.84,28.18,B
demo_0166,demo_synthetic_literature_style,CoCrMo,Co alloy,Co,PBF,L-PBF,Renishaw AM250,199.37,539.56,76.49,40.0,1000,45deg,45deg,as-built,8.4,1390,13.0,450,14.0,98.286,1.693,14.339,mixed columnar-equiaxed,2.21,FCC/HCP Co,carbides,cellular/dendritic CoCr,866.95,1040.36,8.53,225.76,215.42,14.44,A
demo_0167,demo_synthetic_literature_style,CuCrZr,Cu alloy,Cu,PBF,L-PBF,Renishaw AM250,127.56,702.114,115.4,40.0,80,45deg,vertical,HIP,8.9,1085,320.0,380,17.0,98.666,1.326,11.192,mixed columnar-equiaxed,2.87,Cu,Cr/Zr-rich precipitates,"Cu matrix, high-conductivity processing sensitive",447.57,664.89,18.76,160.11,120.66,16.91,B
demo_0168,demo_synthetic_literature_style,316L,stainless steel,Fe,PBF,E-PBF,SLM 280,1987.13,2457.916,117.02,90.0,80,Z,45deg,as-built,7.99,1385,16.2,500,16.0,98.461,1.395,25.761,columnar,2.46,austenite,delta ferrite/carbides possible,"cellular austenitic, melt-pool boundaries",470.33,611.64,31.56,171.02,188.6,21.93,C
demo_0169,demo_synthetic_literature_style,AlSi10Mg,Al alloy,Al,DED,L-DED,Concept Laser M2,1162.65,30.706,478.31,365.55,100,45deg,horizontal,aged,2.68,580,160.0,910,20.5,98.854,1.186,45.745,cellular,2.4,alpha-Al,Si network/Mg2Si,fine cellular Al-Si network,503.29,643.23,3.3,163.92,70.54,26.29,A
demo_0170,demo_synthetic_literature_style,IN625,Ni superalloy,Ni,DED,WAAM,Renishaw AM250,1950.12,6.934,1654.27,1126.61,100,XZ,45deg,aged,8.44,1320,9.8,429,12.8,98.929,1.069,79.49,cellular,4.41,gamma,carbides/Laves possible,dendritic gamma matrix,829.72,1006.68,29.93,294.36,205.49,39.03,C
demo_0171,demo_synthetic_literature_style,Maraging Steel M300,maraging steel,Fe,PBF,L-PBF,Optomec LENS,355.42,1467.593,120.29,20.0,1000,XZ,horizontal,as-built,8.1,1413,14.2,452,10.3,98.971,1.097,14.915,equiaxed,4.76,martensite,Ni-Ti-Mo precipitates after aging,martensitic with age hardening,1287.33,1529.46,8.73,482.87,191.97,7.68,C
demo_0172,demo_synthetic_literature_style,H13 Tool Steel,tool steel,Fe,PBF,L-PBF,EOS M290,137.65,1097.856,118.95,20.0,100,45deg,vertical,solution treated,7.8,1427,28.6,460,10.4,98.419,1.592,12.619,columnar,4.23,martensite,carbides,martensitic/carbide structure,1077.62,1251.93,7.47,353.23,213.0,14.0,B
demo_0173,demo_synthetic_literature_style,Maraging Steel M300,maraging steel,Fe,PBF,L-PBF,WAAM lab system,296.29,1218.062,96.56,40.0,70,XY,horizontal,as-built,8.1,1413,14.2,452,10.3,98.309,1.795,17.801,cellular,4.1,martensite,Ni-Ti-Mo precipitates after aging,martensitic with age hardening,1320.23,1426.55,13.25,383.15,186.31,8.3,C
demo_0174,demo_synthetic_literature_style,IN718,Ni superalloy,Ni,DED,L-DED,Renishaw AM250,890.68,18.574,732.93,314.03,80,XZ,horizontal,HIP,8.19,1298,11.4,435,13.0,98.855,1.149,40.588,dendritic,2.71,gamma,gamma prime/gamma double prime/Laves/delta,cellular-dendritic gamma matrix,1136.17,1373.53,14.33,419.53,206.17,13.83,A
demo_0175,demo_synthetic_literature_style,Ti6Al4V,titanium alloy,Ti,PBF,L-PBF,WAAM lab system,404.96,1248.514,122.58,20.0,100,Z,vertical,as-built,4.43,1660,7.1,560,8.6,98.931,1.031,25.066,mixed columnar-equiaxed,4.05,alpha/beta,alpha-prime martensite possible,"prior beta grains, alpha-prime laths",1107.68,1198.85,8.43,332.34,114.18,13.04,A
demo_0176,demo_synthetic_literature_style,AlSi10Mg,Al alloy,Al,PBF,E-PBF,Arcam Q10,733.31,933.31,155.23,50.0,100,Z,45deg,as-built,2.68,580,160.0,910,20.5,98.602,1.355,13.439,dendritic,2.29,alpha-Al,Si network/Mg2Si,fine cellular Al-Si network,398.12,648.02,6.81,121.07,67.72,27.63,A
demo_0177,demo_synthetic_literature_style,CuCrZr,Cu alloy,Cu,PBF,L-PBF,EOS M290,137.62,929.099,111.9,30.0,80,XY,horizontal,annealed,8.9,1085,320.0,380,17.0,98.796,1.307,24.17,cellular,2.63,Cu,Cr/Zr-rich precipitates,"Cu matrix, high-conductivity processing sensitive",302.25,486.12,20.05,95.05,116.75,3.09,A
demo_0178,demo_synthetic_literature_style,H13 Tool Steel,tool steel,Fe,DED,L-DED,SLM 280,1191.84,23.373,1003.66,705.47,1000,XZ,vertical,annealed,7.8,1427,28.6,460,10.4,98.324,1.695,58.179,cellular,2.78,martensite,carbides,martensitic/carbide structure,1122.44,1233.5,9.47,374.2,204.61,17.28,A
demo_0179,demo_synthetic_literature_style,IN625,Ni superalloy,Ni,DED,WAAM,Concept Laser M2,2700.2,5.452,959.09,1832.04,80,XY,vertical,as-built,8.44,1320,9.8,429,12.8,98.548,1.379,111.772,cellular,3.43,gamma,carbides/Laves possible,dendritic gamma matrix,605.27,835.44,28.17,218.81,207.46,21.28,C
demo_0180,demo_synthetic_literature_style,H13 Tool Steel,tool steel,Fe,PBF,L-PBF,EOS M290,338.54,543.175,70.29,60.0,80,XZ,vertical,HIP,7.8,1427,28.6,460,10.4,98.554,1.44,19.051,cellular,1.12,martensite,carbides,martensitic/carbide structure,1247.32,1425.51,5.67,410.66,211.23,18.51,A
demo_0181,demo_synthetic_literature_style,17-4PH,precipitation-hardening steel,Fe,PBF,L-PBF,WAAM lab system,389.44,1495.009,74.72,50.0,120,45deg,vertical,as-built,7.8,1420,16.0,460,10.4,98.74,1.244,17.366,equiaxed,4.29,martensite/ferrite,Cu-rich precipitates,martensitic or ferritic-martensitic,957.25,1164.54,8.45,262.63,197.72,14.5,B
demo_0182,demo_synthetic_literature_style,CoCrMo,Co alloy,Co,DED,L-DED,WAAM lab system,573.68,17.098,464.22,357.64,100,XY,horizontal,stress relieved,8.4,1390,13.0,450,14.0,97.681,2.217,51.199,dendritic,1.65,FCC/HCP Co,carbides,cellular/dendritic CoCr,682.75,925.4,11.9,220.58,225.52,26.66,A
demo_0183,demo_synthetic_literature_style,316L,stainless steel,Fe,PBF,L-PBF,Optomec LENS,248.52,1189.762,122.09,60.0,1000,XY,horizontal,as-built,7.99,1385,16.2,500,16.0,98.566,1.308,17.68,cellular,4.64,austenite,delta ferrite/carbides possible,"cellular austenitic, melt-pool boundaries",617.41,814.47,30.67,228.29,194.64,27.44,C
demo_0184,demo_synthetic_literature_style,H13 Tool Steel,tool steel,Fe,PBF,E-PBF,EOS M290,2138.17,449.0,82.85,70.0,70,45deg,horizontal,as-built,7.8,1427,28.6,460,10.4,97.851,2.078,2.0,dendritic,1.77,martensite,carbides,martensitic/carbide structure,1188.41,1447.26,6.43,431.74,210.07,32.75,B
demo_0185,demo_synthetic_literature_style,CuCrZr,Cu alloy,Cu,PBF,L-PBF,SLM 280,165.04,1330.704,73.1,30.0,80,XZ,vertical,stress relieved,8.9,1085,320.0,380,17.0,98.603,1.437,15.698,equiaxed,3.21,Cu,Cr/Zr-rich precipitates,"Cu matrix, high-conductivity processing sensitive",385.76,545.14,23.31,117.68,122.1,19.55,B
demo_0186,demo_synthetic_literature_style,316L,stainless steel,Fe,PBF,L-PBF,EOS M290,211.64,750.853,91.9,40.0,1000,Z,45deg,aged,7.99,1385,16.2,500,16.0,98.922,0.9,22.82,equiaxed,3.67,austenite,delta ferrite/carbides possible,"cellular austenitic, melt-pool boundaries",763.04,865.64,28.92,207.33,191.3,11.8,A
demo_0187,demo_synthetic_literature_style,Ti6Al4V,titanium alloy,Ti,DED,L-DED,EOS M290,551.98,27.868,1189.75,226.93,80,45deg,45deg,aged,4.43,1660,7.1,560,8.6,99.086,0.982,42.223,columnar,2.01,alpha/beta,alpha-prime martensite possible,"prior beta grains, alpha-prime laths",1112.21,1254.07,9.97,379.07,109.15,23.94,B
demo_0188,demo_synthetic_literature_style,IN625,Ni superalloy,Ni,PBF,L-PBF,SLM 280,176.85,623.926,103.32,50.0,80,XY,vertical,as-built,8.44,1320,9.8,429,12.8,98.785,1.212,15.685,cellular,2.31,gamma,carbides/Laves possible,dendritic gamma matrix,695.55,854.11,30.59,232.47,211.05,21.43,B
demo_0189,demo_synthetic_literature_style,17-4PH,precipitation-hardening steel,Fe,DED,L-DED,Renishaw AM250,1250.09,34.238,733.53,522.46,120,45deg,horizontal,as-built,7.8,1420,16.0,460,10.4,99.741,0.377,54.84,equiaxed,1.81,martensite/ferrite,Cu-rich precipitates,martensitic or ferritic-martensitic,868.93,994.45,13.17,252.78,198.81,24.31,C
demo_0190,demo_synthetic_literature_style,IN625,Ni superalloy,Ni,PBF,L-PBF,Arcam Q10,149.08,1400.278,113.54,40.0,1000,XY,horizontal,HIP,8.44,1320,9.8,429,12.8,98.301,1.644,14.256,cellular,3.41,gamma,carbides/Laves possible,dendritic gamma matrix,796.82,972.22,29.88,218.72,202.41,16.1,B
demo_0191,demo_synthetic_literature_style,IN625,Ni superalloy,Ni,DED,L-DED,WAAM lab system,1552.67,22.626,931.48,462.28,80,45deg,horizontal,as-built,8.44,1320,9.8,429,12.8,98.861,0.982,49.35,columnar,1.0,gamma,carbides/Laves possible,dendritic gamma matrix,760.02,924.34,28.26,216.17,202.79,23.9,B
demo_0192,demo_synthetic_literature_style,IN625,Ni superalloy,Ni,PBF,L-PBF,SLM 280,294.89,1085.191,109.44,50.0,100,XZ,45deg,aged,8.44,1320,9.8,429,12.8,98.614,1.331,9.304,mixed columnar-equiaxed,1.85,gamma,carbides/Laves possible,dendritic gamma matrix,960.6,1052.72,26.4,250.57,202.32,6.59,B
demo_0193,demo_synthetic_literature_style,Ti6Al4V,titanium alloy,Ti,DED,L-DED,EOS M290,1151.5,11.652,987.21,696.46,500,XZ,horizontal,HIP,4.43,1660,7.1,560,8.6,99.406,0.535,53.031,cellular,2.82,alpha/beta,alpha-prime martensite possible,"prior beta grains, alpha-prime laths",974.94,1092.92,9.04,307.48,121.75,22.39,C
demo_0194,demo_synthetic_literature_style,IN625,Ni superalloy,Ni,PBF,L-PBF,SLM 280,162.9,693.025,92.4,50.0,500,XZ,vertical,HIP,8.44,1320,9.8,429,12.8,98.326,1.673,25.432,equiaxed,1.98,gamma,carbides/Laves possible,dendritic gamma matrix,839.5,999.94,25.73,273.37,203.79,6.25,A
demo_0195,demo_synthetic_literature_style,Ti6Al4V,titanium alloy,Ti,PBF,L-PBF,EOS M290,153.25,1108.66,127.55,20.0,100,45deg,horizontal,as-built,4.43,1660,7.1,560,8.6,98.909,1.081,13.421,dendritic,4.07,alpha/beta,alpha-prime martensite possible,"prior beta grains, alpha-prime laths",1047.97,1163.52,12.34,358.54,127.02,9.74,C
demo_0196,demo_synthetic_literature_style,AlSi10Mg,Al alloy,Al,PBF,E-PBF,Arcam Q10,1802.63,2861.39,179.5,70.0,70,XZ,45deg,as-built,2.68,580,160.0,910,20.5,98.333,1.635,18.747,equiaxed,1.37,alpha-Al,Si network/Mg2Si,fine cellular Al-Si network,335.06,506.53,4.96,132.98,66.98,13.95,A
demo_0197,demo_synthetic_literature_style,IN718,Ni superalloy,Ni,PBF,L-PBF,Renishaw AM250,149.03,732.732,120.2,30.0,80,XY,45deg,aged,8.19,1298,11.4,435,13.0,98.165,1.778,8.855,columnar,3.06,gamma,gamma prime/gamma double prime/Laves/delta,cellular-dendritic gamma matrix,1312.02,1466.18,13.19,423.64,202.69,9.4,B
demo_0198,demo_synthetic_literature_style,17-4PH,precipitation-hardening steel,Fe,DED,L-DED,EOS M290,1504.78,32.075,1063.27,578.77,500,Z,vertical,stress relieved,7.8,1420,16.0,460,10.4,98.028,1.989,55.511,cellular,1.92,martensite/ferrite,Cu-rich precipitates,martensitic or ferritic-martensitic,909.44,1075.99,6.15,298.8,199.82,24.4,B
demo_0199,demo_synthetic_literature_style,316L,stainless steel,Fe,PBF,L-PBF,Arcam Q10,272.92,1007.19,96.22,20.0,120,Z,45deg,as-built,7.99,1385,16.2,500,16.0,99.424,0.576,17.892,columnar,2.8,austenite,delta ferrite/carbides possible,"cellular austenitic, melt-pool boundaries",627.46,806.92,31.35,229.67,201.05,11.27,C
demo_0200,demo_synthetic_literature_style,H13 Tool Steel,tool steel,Fe,DED,L-DED,Arcam Q10,1545.0,13.557,954.22,215.02,1000,XY,vertical,stress relieved,7.8,1427,28.6,460,10.4,98.314,1.767,35.658,equiaxed,3.42,martensite,carbides,martensitic/carbide structure,1158.86,1408.22,11.41,382.8,214.53,23.16,C
demo_0201,demo_synthetic_literature_style,CuCrZr,Cu alloy,Cu,DED,L-DED,EOS M290,545.38,7.999,924.0,797.33,500,45deg,vertical,annealed,8.9,1085,320.0,380,17.0,98.883,1.07,61.933,columnar,3.64,Cu,Cr/Zr-rich precipitates,"Cu matrix, high-conductivity processing sensitive",272.99,423.78,17.4,82.68,128.91,23.72,B
demo_0202,demo_synthetic_literature_style,17-4PH,precipitation-hardening steel,Fe,PBF,L-PBF,Renishaw AM250,370.86,576.74,81.68,30.0,70,XY,vertical,as-built,7.8,1420,16.0,460,10.4,98.487,1.599,10.248,cellular,4.65,martensite/ferrite,Cu-rich precipitates,martensitic or ferritic-martensitic,956.08,1209.97,8.67,312.05,199.13,18.27,A
demo_0203,demo_synthetic_literature_style,IN625,Ni superalloy,Ni,PBF,L-PBF,SLM 280,394.0,588.734,94.41,20.0,70,XZ,vertical,as-built,8.44,1320,9.8,429,12.8,98.682,1.357,15.446,equiaxed,3.18,gamma,carbides/Laves possible,dendritic gamma matrix,826.12,975.66,28.46,254.31,203.44,24.12,B
demo_0204,demo_synthetic_literature_style,CuCrZr,Cu alloy,Cu,DED,WAAM,SLM 280,1427.89,10.993,1397.08,1829.97,120,XZ,vertical,stress relieved,8.9,1085,320.0,380,17.0,98.375,1.458,115.833,cellular,1.82,Cu,Cr/Zr-rich precipitates,"Cu matrix, high-conductivity processing sensitive",114.92,346.56,23.49,72.95,127.45,27.15,A
demo_0205,demo_synthetic_literature_style,AlSi10Mg,Al alloy,Al,PBF,L-PBF,Concept Laser M2,383.24,1459.596,83.7,40.0,120,XY,vertical,as-built,2.68,580,160.0,910,20.5,98.424,1.592,16.637,dendritic,1.69,alpha-Al,Si network/Mg2Si,fine cellular Al-Si network,381.0,496.85,8.91,138.9,77.37,13.1,B
demo_0206,demo_synthetic_literature_style,H13 Tool Steel,tool steel,Fe,PBF,L-PBF,Renishaw AM250,309.05,1020.976,95.72,60.0,120,45deg,45deg,as-built,7.8,1427,28.6,460,10.4,98.209,1.892,23.234,columnar,2.51,martensite,carbides,martensitic/carbide structure,1196.02,1342.78,7.53,394.31,212.3,17.97,C
demo_0207,demo_synthetic_literature_style,AlSi10Mg,Al alloy,Al,DED,WAAM,SLM 280,3180.37,11.753,2157.87,1496.87,500,Z,horizontal,HIP,2.68,580,160.0,910,20.5,98.496,1.677,99.662,columnar,2.91,alpha-Al,Si network/Mg2Si,fine cellular Al-Si network,195.5,453.73,4.61,94.01,71.43,13.52,C
demo_0208,demo_synthetic_literature_style,H13 Tool Steel,tool steel,Fe,PBF,L-PBF,WAAM lab system,151.78,725.775,120.44,50.0,70,Z,horizontal,annealed,7.8,1427,28.6,460,10.4,98.4,1.694,9.115,dendritic,2.51,martensite,carbides,martensitic/carbide structure,1091.5,1294.56,10.92,318.83,201.66,16.94,B
demo_0209,demo_synthetic_literature_style,IN718,Ni superalloy,Ni,PBF,L-PBF,EOS M290,254.18,898.645,98.31,30.0,80,45deg,horizontal,as-built,8.19,1298,11.4,435,13.0,98.621,1.379,19.082,mixed columnar-equiaxed,2.73,gamma,gamma prime/gamma double prime/Laves/delta,cellular-dendritic gamma matrix,1177.68,1279.49,12.79,362.82,212.69,13.27,B
demo_0210,demo_synthetic_literature_style,IN625,Ni superalloy,Ni,PBF,L-PBF,Renishaw AM250,294.8,785.312,114.35,30.0,100,XY,horizontal,as-built,8.44,1320,9.8,429,12.8,98.641,1.356,14.041,mixed columnar-equiaxed,2.51,gamma,carbides/Laves possible,dendritic gamma matrix,788.87,904.25,28.98,282.98,211.04,10.02,A
demo_0211,demo_synthetic_literature_style,H13 Tool Steel,tool steel,Fe,PBF,L-PBF,Concept Laser M2,237.99,1370.733,111.33,30.0,500,XZ,vertical,solution treated,7.8,1427,28.6,460,10.4,98.745,1.248,7.684,mixed columnar-equiaxed,2.54,martensite,carbides,martensitic/carbide structure,1199.67,1293.41,8.64,428.0,207.43,13.75,B
demo_0212,demo_synthetic_literature_style,Ti6Al4V,titanium alloy,Ti,PBF,L-PBF,SLM 280,411.6,747.257,84.98,60.0,1000,45deg,horizontal,as-built,4.43,1660,7.1,560,8.6,99.371,0.563,14.876,cellular,2.91,alpha/beta,alpha-prime martensite possible,"prior beta grains, alpha-prime laths",1117.72,1276.77,9.22,356.06,116.25,5.95,C
demo_0213,demo_synthetic_literature_style,17-4PH,precipitation-hardening steel,Fe,DED,L-DED,SLM 280,951.38,10.038,992.65,670.83,1000,Z,horizontal,aged,7.8,1420,16.0,460,10.4,98.978,0.99,53.913,cellular,2.18,martensite/ferrite,Cu-rich precipitates,martensitic or ferritic-martensitic,1003.84,1212.15,10.25,359.72,197.68,27.91,B
demo_0214,demo_synthetic_literature_style,316L,stainless steel,Fe,DED,L-DED,EOS M290,699.68,20.889,965.36,545.18,120,45deg,45deg,annealed,7.99,1385,16.2,500,16.0,98.024,2.013,56.656,cellular,1.98,austenite,delta ferrite/carbides possible,"cellular austenitic, melt-pool boundaries",450.65,571.45,30.59,108.23,190.71,14.46,B
demo_0215,demo_synthetic_literature_style,IN625,Ni superalloy,Ni,PBF,L-PBF,Renishaw AM250,129.88,725.297,113.44,20.0,500,XZ,vertical,as-built,8.44,1320,9.8,429,12.8,98.309,1.609,12.62,columnar,3.13,gamma,carbides/Laves possible,dendritic gamma matrix,844.84,1084.45,29.75,284.91,205.73,14.36,A
demo_0216,demo_synthetic_literature_style,316L,stainless steel,Fe,PBF,L-PBF,SLM 280,395.73,600.522,88.95,20.0,500,XY,45deg,aged,7.99,1385,16.2,500,16.0,98.853,1.164,11.943,columnar,3.9,austenite,delta ferrite/carbides possible,"cellular austenitic, melt-pool boundaries",603.16,754.72,32.57,191.73,189.75,16.24,B
demo_0217,demo_synthetic_literature_style,17-4PH,precipitation-hardening steel,Fe,PBF,L-PBF,Concept Laser M2,346.23,854.725,108.92,20.0,1000,45deg,45deg,aged,7.8,1420,16.0,460,10.4,98.82,1.189,13.972,cellular,4.54,martensite/ferrite,Cu-rich precipitates,martensitic or ferritic-martensitic,1038.88,1200.3,8.43,367.37,191.33,13.08,C
demo_0218,demo_synthetic_literature_style,316L,stainless steel,Fe,PBF,L-PBF,Arcam Q10,326.05,1039.168,126.1,40.0,120,XZ,horizontal,aged,7.99,1385,16.2,500,16.0,99.277,0.622,6.982,equiaxed,2.2,austenite,delta ferrite/carbides possible,"cellular austenitic, melt-pool boundaries",831.96,938.16,29.59,267.73,187.99,6.33,C
demo_0219,demo_synthetic_literature_style,17-4PH,precipitation-hardening steel,Fe,PBF,L-PBF,EOS M290,351.12,1498.228,99.55,30.0,120,XY,45deg,HIP,7.8,1420,16.0,460,10.4,98.455,1.597,8.511,equiaxed,1.72,martensite/ferrite,Cu-rich precipitates,martensitic or ferritic-martensitic,1009.04,1102.53,9.92,351.65,197.65,11.0,A
demo_0220,demo_synthetic_literature_style,Maraging Steel M300,maraging steel,Fe,DED,L-DED,EOS M290,1460.56,25.805,431.96,216.98,500,45deg,45deg,as-built,8.1,1413,14.2,452,10.3,97.616,2.393,39.323,mixed columnar-equiaxed,1.0,martensite,Ni-Ti-Mo precipitates after aging,martensitic with age hardening,1236.33,1454.81,8.03,417.57,194.36,20.83,C
demo_0221,demo_synthetic_literature_style,H13 Tool Steel,tool steel,Fe,PBF,L-PBF,Arcam Q10,414.23,1239.075,97.91,30.0,1000,XZ,horizontal,as-built,7.8,1427,28.6,460,10.4,98.705,1.15,24.016,mixed columnar-equiaxed,4.33,martensite,carbides,martensitic/carbide structure,1203.28,1364.55,11.04,402.57,208.78,11.02,B
demo_0222,demo_synthetic_literature_style,IN718,Ni superalloy,Ni,PBF,L-PBF,Concept Laser M2,201.14,871.711,72.74,30.0,70,XY,45deg,annealed,8.19,1298,11.4,435,13.0,98.747,1.29,7.435,mixed columnar-equiaxed,5.0,gamma,gamma prime/gamma double prime/Laves/delta,cellular-dendritic gamma matrix,1015.24,1191.29,17.14,354.14,206.92,12.57,B
demo_0223,demo_synthetic_literature_style,17-4PH,precipitation-hardening steel,Fe,PBF,L-PBF,SLM 280,232.94,880.236,95.88,30.0,1000,45deg,vertical,stress relieved,7.8,1420,16.0,460,10.4,99.354,0.637,8.785,cellular,2.98,martensite/ferrite,Cu-rich precipitates,martensitic or ferritic-martensitic,993.74,1246.39,11.04,334.57,198.71,15.44,A
demo_0224,demo_synthetic_literature_style,CuCrZr,Cu alloy,Cu,PBF,L-PBF,Concept Laser M2,151.28,914.852,77.43,60.0,500,XZ,45deg,stress relieved,8.9,1085,320.0,380,17.0,98.648,1.274,9.867,mixed columnar-equiaxed,3.61,Cu,Cr/Zr-rich precipitates,"Cu matrix, high-conductivity processing sensitive",455.54,573.39,14.56,153.91,113.12,8.19,A
demo_0225,demo_synthetic_literature_style,AlSi10Mg,Al alloy,Al,PBF,L-PBF,Renishaw AM250,202.37,901.306,101.74,40.0,1000,XY,vertical,as-built,2.68,580,160.0,910,20.5,98.383,1.5,18.679,cellular,4.25,alpha-Al,Si network/Mg2Si,fine cellular Al-Si network,393.32,539.92,1.5,134.35,73.38,5.81,B
demo_0226,demo_synthetic_literature_style,Maraging Steel M300,maraging steel,Fe,DED,L-DED,SLM 280,639.54,9.396,1185.02,570.6,500,XY,45deg,solution treated,8.1,1413,14.2,452,10.3,98.301,1.899,45.038,dendritic,3.18,martensite,Ni-Ti-Mo precipitates after aging,martensitic with age hardening,1206.65,1431.34,6.69,401.57,189.46,28.33,B
demo_0227,demo_synthetic_literature_style,IN625,Ni superalloy,Ni,PBF,L-PBF,EOS M290,164.77,1497.069,92.75,20.0,80,45deg,vertical,solution treated,8.44,1320,9.8,429,12.8,98.549,1.538,16.482,dendritic,4.23,gamma,carbides/Laves possible,dendritic gamma matrix,694.59,933.12,27.56,209.87,201.9,16.72,A
demo_0228,demo_synthetic_literature_style,Ti6Al4V,titanium alloy,Ti,PBF,L-PBF,EOS M290,256.87,654.985,84.65,30.0,120,Z,vertical,aged,4.43,1660,7.1,560,8.6,98.979,0.956,22.952,mixed columnar-equiaxed,3.44,alpha/beta,alpha-prime martensite possible,"prior beta grains, alpha-prime laths",1235.5,1348.85,8.35,376.3,106.66,15.8,A
demo_0229,demo_synthetic_literature_style,AlSi10Mg,Al alloy,Al,PBF,L-PBF,SLM 280,296.44,865.185,111.84,60.0,80,XY,horizontal,HIP,2.68,580,160.0,910,20.5,98.09,1.951,24.176,cellular,3.56,alpha-Al,Si network/Mg2Si,fine cellular Al-Si network,392.62,618.3,1.5,109.72,64.63,1.0,A
demo_0230,demo_synthetic_literature_style,H13 Tool Steel,tool steel,Fe,PBF,L-PBF,Arcam Q10,123.36,1486.626,83.35,20.0,120,XY,horizontal,aged,7.8,1427,28.6,460,10.4,98.225,1.806,14.833,mixed columnar-equiaxed,4.39,martensite,carbides,martensitic/carbide structure,1349.5,1449.02,8.45,435.27,211.52,15.07,A
demo_0231,demo_synthetic_literature_style,CoCrMo,Co alloy,Co,PBF,E-PBF,Arcam Q10,625.48,2757.467,142.15,90.0,120,Z,horizontal,as-built,8.4,1390,13.0,450,14.0,97.692,2.341,15.936,equiaxed,1.54,FCC/HCP Co,carbides,cellular/dendritic CoCr,815.53,1036.39,5.28,287.54,220.39,19.82,B
demo_0232,demo_synthetic_literature_style,IN625,Ni superalloy,Ni,PBF,L-PBF,SLM 280,216.14,783.466,104.43,60.0,70,Z,vertical,as-built,8.44,1320,9.8,429,12.8,98.264,1.703,15.247,equiaxed,4.64,gamma,carbides/Laves possible,dendritic gamma matrix,777.29,957.99,26.0,264.34,202.58,23.33,C
demo_0233,demo_synthetic_literature_style,316L,stainless steel,Fe,PBF,E-PBF,EOS M290,2225.22,1918.095,113.39,50.0,100,45deg,45deg,HIP,7.99,1385,16.2,500,16.0,99.427,0.699,25.486,mixed columnar-equiaxed,1.18,austenite,delta ferrite/carbides possible,"cellular austenitic, melt-pool boundaries",652.78,803.87,30.91,216.18,183.64,21.13,A
demo_0234,demo_synthetic_literature_style,Ti6Al4V,titanium alloy,Ti,PBF,L-PBF,Concept Laser M2,366.56,809.544,102.94,60.0,70,XY,45deg,solution treated,4.43,1660,7.1,560,8.6,98.246,1.729,10.523,cellular,4.37,alpha/beta,alpha-prime martensite possible,"prior beta grains, alpha-prime laths",1065.83,1263.78,11.48,324.94,100.3,1.4,A
demo_0235,demo_synthetic_literature_style,17-4PH,precipitation-hardening steel,Fe,PBF,L-PBF,Concept Laser M2,145.34,1274.418,105.4,40.0,1000,45deg,horizontal,as-built,7.8,1420,16.0,460,10.4,98.774,1.328,14.147,equiaxed,3.21,martensite/ferrite,Cu-rich precipitates,martensitic or ferritic-martensitic,929.91,1185.24,9.47,339.97,202.11,16.36,B
demo_0236,demo_synthetic_literature_style,316L,stainless steel,Fe,PBF,L-PBF,Concept Laser M2,404.44,591.56,89.57,40.0,70,XY,horizontal,aged,7.99,1385,16.2,500,16.0,98.668,1.13,2.0,dendritic,2.48,austenite,delta ferrite/carbides possible,"cellular austenitic, melt-pool boundaries",764.3,910.28,30.47,251.16,199.75,4.39,A
demo_0237,demo_synthetic_literature_style,17-4PH,precipitation-hardening steel,Fe,PBF,L-PBF,Optomec LENS,233.4,1289.906,73.87,30.0,100,XZ,vertical,HIP,7.8,1420,16.0,460,10.4,98.784,1.088,21.959,equiaxed,2.82,martensite/ferrite,Cu-rich precipitates,martensitic or ferritic-martensitic,1045.92,1200.17,8.14,363.1,199.73,11.82,A
demo_0238,demo_synthetic_literature_style,Maraging Steel M300,maraging steel,Fe,PBF,L-PBF,WAAM lab system,397.28,1264.724,96.84,30.0,500,Z,horizontal,stress relieved,8.1,1413,14.2,452,10.3,98.45,1.487,12.75,cellular,2.89,martensite,Ni-Ti-Mo precipitates after aging,martensitic with age hardening,1360.11,1477.34,7.62,477.38,189.02,13.56,B
demo_0239,demo_synthetic_literature_style,Maraging Steel M300,maraging steel,Fe,DED,L-DED,Renishaw AM250,1176.07,19.866,893.88,291.0,1000,45deg,vertical,HIP,8.1,1413,14.2,452,10.3,99.247,0.771,44.852,cellular,2.84,martensite,Ni-Ti-Mo precipitates after aging,martensitic with age hardening,1359.58,1584.76,9.12,498.33,187.57,20.4,C
demo_0240,demo_synthetic_literature_style,CoCrMo,Co alloy,Co,DED,L-DED,Concept Laser M2,700.14,26.949,758.77,209.75,500,XY,vertical,stress relieved,8.4,1390,13.0,450,14.0,99.302,0.753,44.284,cellular,1.0,FCC/HCP Co,carbides,cellular/dendritic CoCr,827.19,968.89,9.82,217.49,225.3,23.38,A
demo_0241,demo_synthetic_literature_style,AlSi10Mg,Al alloy,Al,PBF,L-PBF,Concept Laser M2,186.59,613.907,109.56,50.0,100,XZ,vertical,stress relieved,2.68,580,160.0,910,20.5,98.426,1.584,20.423,dendritic,2.93,alpha-Al,Si network/Mg2Si,fine cellular Al-Si network,305.87,518.59,7.33,108.13,59.78,4.65,B
demo_0242,demo_synthetic_literature_style,Ti6Al4V,titanium alloy,Ti,PBF,L-PBF,Renishaw AM250,259.65,547.473,75.01,30.0,70,45deg,45deg,as-built,4.43,1660,7.1,560,8.6,98.736,1.323,5.35,dendritic,2.66,alpha/beta,alpha-prime martensite possible,"prior beta grains, alpha-prime laths",1110.02,1369.12,9.49,372.37,107.85,14.14,C
demo_0243,demo_synthetic_literature_style,Maraging Steel M300,maraging steel,Fe,DED,L-DED,Renishaw AM250,705.36,33.131,641.43,353.11,70,XZ,horizontal,aged,8.1,1413,14.2,452,10.3,98.556,1.439,47.214,columnar,2.08,martensite,Ni-Ti-Mo precipitates after aging,martensitic with age hardening,1338.58,1589.12,7.15,436.82,188.13,27.91,B
demo_0244,demo_synthetic_literature_style,AlSi10Mg,Al alloy,Al,PBF,L-PBF,Concept Laser M2,219.71,831.251,97.25,30.0,500,45deg,horizontal,solution treated,2.68,580,160.0,910,20.5,99.177,0.748,8.079,cellular,3.42,alpha-Al,Si network/Mg2Si,fine cellular Al-Si network,318.78,447.94,4.46,91.79,67.63,7.97,B
demo_0245,demo_synthetic_literature_style,CoCrMo,Co alloy,Co,DED,L-DED,Renishaw AM250,547.25,26.641,1008.82,705.83,100,XZ,horizontal,aged,8.4,1390,13.0,450,14.0,98.292,1.685,57.317,mixed columnar-equiaxed,2.46,FCC/HCP Co,carbides,cellular/dendritic CoCr,973.83,1216.41,11.41,293.0,224.3,26.25,B
demo_0246,demo_synthetic_literature_style,Maraging Steel M300,maraging steel,Fe,PBF,L-PBF,Optomec LENS,340.52,1211.717,121.51,30.0,120,Z,45deg,HIP,8.1,1413,14.2,452,10.3,98.741,1.121,5.947,dendritic,4.55,martensite,Ni-Ti-Mo precipitates after aging,martensitic with age hardening,1306.04,1422.37,6.92,427.04,187.39,9.18,C
demo_0247,demo_synthetic_literature_style,AlSi10Mg,Al alloy,Al,DED,L-DED,SLM 280,843.31,34.467,1171.49,285.54,1000,45deg,horizontal,as-built,2.68,580,160.0,910,20.5,99.056,1.043,32.287,mixed columnar-equiaxed,3.14,alpha-Al,Si network/Mg2Si,fine cellular Al-Si network,323.25,548.48,9.75,75.93,76.64,21.06,C
demo_0248,demo_synthetic_literature_style,H13 Tool Steel,tool steel,Fe,DED,L-DED,SLM 280,1281.84,34.538,942.41,224.11,120,XZ,horizontal,HIP,7.8,1427,28.6,460,10.4,99.1,0.985,32.781,equiaxed,2.24,martensite,carbides,martensitic/carbide structure,1233.44,1475.52,9.37,365.55,205.94,26.41,B
demo_0249,demo_synthetic_literature_style,Maraging Steel M300,maraging steel,Fe,PBF,L-PBF,Concept Laser M2,144.16,1227.011,121.84,20.0,500,45deg,horizontal,solution treated,8.1,1413,14.2,452,10.3,98.6,1.46,8.999,cellular,3.35,martensite,Ni-Ti-Mo precipitates after aging,martensitic with age hardening,1190.43,1313.67,7.25,392.35,190.93,16.13,A
demo_0250,demo_synthetic_literature_style,Ti6Al4V,titanium alloy,Ti,PBF,L-PBF,Renishaw AM250,148.23,654.304,125.91,40.0,100,45deg,vertical,as-built,4.43,1660,7.1,560,8.6,98.608,1.334,16.218,equiaxed,4.17,alpha/beta,alpha-prime martensite possible,"prior beta grains, alpha-prime laths",1046.82,1190.32,10.47,322.09,111.37,5.25,A
demo_0251,demo_synthetic_literature_style,CoCrMo,Co alloy,Co,PBF,L-PBF,Optomec LENS,225.51,1201.271,117.44,50.0,70,Z,vertical,as-built,8.4,1390,13.0,450,14.0,98.976,1.009,32.691,mixed columnar-equiaxed,3.27,FCC/HCP Co,carbides,cellular/dendritic CoCr,876.61,972.07,8.89,292.08,224.18,11.32,A
demo_0252,demo_synthetic_literature_style,17-4PH,precipitation-hardening steel,Fe,PBF,L-PBF,Concept Laser M2,328.67,639.005,118.47,60.0,1000,XZ,45deg,HIP,7.8,1420,16.0,460,10.4,98.858,1.131,11.351,mixed columnar-equiaxed,2.72,martensite/ferrite,Cu-rich precipitates,martensitic or ferritic-martensitic,1093.23,1301.07,7.06,316.23,196.51,11.69,B
demo_0253,demo_synthetic_literature_style,Ti6Al4V,titanium alloy,Ti,PBF,L-PBF,EOS M290,406.23,784.865,91.31,50.0,500,XZ,horizontal,stress relieved,4.43,1660,7.1,560,8.6,98.72,1.308,9.244,equiaxed,2.88,alpha/beta,alpha-prime martensite possible,"prior beta grains, alpha-prime laths",1030.03,1174.12,8.23,358.87,117.44,17.86,C
demo_0254,demo_synthetic_literature_style,Maraging Steel M300,maraging steel,Fe,DED,L-DED,WAAM lab system,1467.37,19.177,1177.09,531.81,80,XZ,horizontal,as-built,8.1,1413,14.2,452,10.3,99.047,1.004,50.871,dendritic,1.21,martensite,Ni-Ti-Mo precipitates after aging,martensitic with age hardening,1172.91,1391.19,9.43,392.48,193.45,16.79,B
demo_0255,demo_synthetic_literature_style,17-4PH,precipitation-hardening steel,Fe,PBF,L-PBF,WAAM lab system,328.83,571.777,98.62,60.0,120,XY,horizontal,as-built,7.8,1420,16.0,460,10.4,98.367,1.567,15.518,cellular,2.32,martensite/ferrite,Cu-rich precipitates,martensitic or ferritic-martensitic,914.37,1008.56,10.82,262.41,198.97,18.15,B
demo_0256,demo_synthetic_literature_style,IN625,Ni superalloy,Ni,PBF,L-PBF,Arcam Q10,331.24,1319.811,99.01,30.0,100,45deg,horizontal,HIP,8.44,1320,9.8,429,12.8,98.685,1.403,16.074,dendritic,3.16,gamma,carbides/Laves possible,dendritic gamma matrix,841.45,1064.2,28.93,296.96,202.26,12.25,B
demo_0257,demo_synthetic_literature_style,IN625,Ni superalloy,Ni,PBF,E-PBF,EOS M290,1682.65,1378.954,90.82,50.0,1000,XZ,45deg,HIP,8.44,1320,9.8,429,12.8,98.768,1.127,21.75,mixed columnar-equiaxed,4.43,gamma,carbides/Laves possible,dendritic gamma matrix,859.34,1039.74,31.5,279.34,196.69,13.94,B
demo_0258,demo_synthetic_literature_style,Ti6Al4V,titanium alloy,Ti,PBF,L-PBF,EOS M290,127.94,1442.509,89.15,40.0,80,Z,horizontal,stress relieved,4.43,1660,7.1,560,8.6,98.133,1.916,5.283,cellular,3.05,alpha/beta,alpha-prime martensite possible,"prior beta grains, alpha-prime laths",1124.67,1302.16,6.19,384.54,111.58,15.27,C
demo_0259,demo_synthetic_literature_style,Ti6Al4V,titanium alloy,Ti,PBF,L-PBF,EOS M290,304.99,791.894,73.84,20.0,80,XZ,horizontal,stress relieved,4.43,1660,7.1,560,8.6,99.01,0.922,14.557,equiaxed,3.76,alpha/beta,alpha-prime martensite possible,"prior beta grains, alpha-prime laths",1095.35,1256.05,11.33,332.24,107.25,17.23,B
demo_0260,demo_synthetic_literature_style,316L,stainless steel,Fe,PBF,L-PBF,Concept Laser M2,241.95,1348.772,100.39,50.0,80,Z,horizontal,as-built,7.99,1385,16.2,500,16.0,97.852,2.225,12.278,equiaxed,3.84,austenite,delta ferrite/carbides possible,"cellular austenitic, melt-pool boundaries",517.27,649.95,34.09,144.95,188.31,12.64,B
demo_0261,demo_synthetic_literature_style,Ti6Al4V,titanium alloy,Ti,PBF,L-PBF,Optomec LENS,207.7,1020.771,90.41,50.0,500,45deg,45deg,as-built,4.43,1660,7.1,560,8.6,98.602,1.178,14.266,mixed columnar-equiaxed,3.19,alpha/beta,alpha-prime martensite possible,"prior beta grains, alpha-prime laths",1042.85,1196.73,12.89,328.25,113.11,9.74,B
demo_0262,demo_synthetic_literature_style,H13 Tool Steel,tool steel,Fe,PBF,L-PBF,Concept Laser M2,154.83,538.723,89.74,60.0,500,XZ,vertical,solution treated,7.8,1427,28.6,460,10.4,97.814,2.124,12.602,dendritic,5.24,martensite,carbides,martensitic/carbide structure,1129.19,1320.75,6.87,396.87,206.3,18.05,A
demo_0263,demo_synthetic_literature_style,IN625,Ni superalloy,Ni,PBF,L-PBF,Optomec LENS,298.93,814.7,89.82,40.0,1000,45deg,vertical,as-built,8.44,1320,9.8,429,12.8,98.815,1.207,11.032,equiaxed,4.05,gamma,carbides/Laves possible,dendritic gamma matrix,775.74,910.2,30.65,261.29,204.7,9.35,B
demo_0264,demo_synthetic_literature_style,316L,stainless steel,Fe,PBF,L-PBF,EOS M290,123.04,1415.397,97.3,50.0,70,XY,45deg,as-built,7.99,1385,16.2,500,16.0,98.311,1.767,33.031,dendritic,4.02,austenite,delta ferrite/carbides possible,"cellular austenitic, melt-pool boundaries",553.16,759.75,32.73,153.21,187.78,8.96,A
demo_0265,demo_synthetic_literature_style,AlSi10Mg,Al alloy,Al,PBF,L-PBF,Optomec LENS,251.78,768.514,78.3,30.0,500,45deg,45deg,as-built,2.68,580,160.0,910,20.5,99.249,0.738,9.48,dendritic,4.64,alpha-Al,Si network/Mg2Si,fine cellular Al-Si network,434.31,528.12,2.26,132.27,70.83,16.67,A
demo_0266,demo_synthetic_literature_style,316L,stainless steel,Fe,PBF,L-PBF,Optomec LENS,370.33,1023.424,124.43,50.0,500,Z,vertical,HIP,7.99,1385,16.2,500,16.0,98.62,1.326,12.932,dendritic,3.52,austenite,delta ferrite/carbides possible,"cellular austenitic, melt-pool boundaries",600.74,793.31,27.9,183.85,190.28,10.31,B
demo_0267,demo_synthetic_literature_style,17-4PH,precipitation-hardening steel,Fe,PBF,L-PBF,EOS M290,136.31,799.512,83.92,40.0,120,45deg,horizontal,solution treated,7.8,1420,16.0,460,10.4,98.405,1.656,24.125,columnar,4.28,martensite/ferrite,Cu-rich precipitates,martensitic or ferritic-martensitic,781.92,1016.79,9.54,258.65,200.89,15.24,A
demo_0268,demo_synthetic_literature_style,Ti6Al4V,titanium alloy,Ti,PBF,L-PBF,WAAM lab system,145.91,1378.472,125.46,50.0,120,Z,vertical,stress relieved,4.43,1660,7.1,560,8.6,98.242,1.694,12.429,mixed columnar-equiaxed,1.0,alpha/beta,alpha-prime martensite possible,"prior beta grains, alpha-prime laths",1021.85,1229.07,8.88,304.14,114.83,11.66,C
demo_0269,demo_synthetic_literature_style,AlSi10Mg,Al alloy,Al,PBF,L-PBF,Optomec LENS,298.87,764.034,81.27,20.0,500,XY,45deg,as-built,2.68,580,160.0,910,20.5,98.214,1.789,11.301,mixed columnar-equiaxed,3.8,alpha-Al,Si network/Mg2Si,fine cellular Al-Si network,366.14,496.33,3.62,79.7,62.61,8.5,A
demo_0270,demo_synthetic_literature_style,CuCrZr,Cu alloy,Cu,PBF,L-PBF,Concept Laser M2,120.3,535.091,129.45,20.0,80,XY,vertical,as-built,8.9,1085,320.0,380,17.0,98.709,1.214,11.331,columnar,3.73,Cu,Cr/Zr-rich precipitates,"Cu matrix, high-conductivity processing sensitive",412.43,658.96,22.75,116.32,119.63,14.56,C
demo_0271,demo_synthetic_literature_style,CoCrMo,Co alloy,Co,DED,L-DED,Concept Laser M2,1326.46,28.791,895.77,380.75,120,Z,vertical,solution treated,8.4,1390,13.0,450,14.0,98.587,1.274,36.264,columnar,1.15,FCC/HCP Co,carbides,cellular/dendritic CoCr,812.44,960.34,11.07,239.48,218.7,13.85,B
demo_0272,demo_synthetic_literature_style,17-4PH,precipitation-hardening steel,Fe,DED,WAAM,WAAM lab system,3254.44,14.185,1759.3,1163.22,120,45deg,vertical,as-built,7.8,1420,16.0,460,10.4,99.308,0.571,72.675,columnar,2.91,martensite/ferrite,Cu-rich precipitates,martensitic or ferritic-martensitic,941.96,1152.93,11.38,302.85,189.02,12.87,B
demo_0273,demo_synthetic_literature_style,IN625,Ni superalloy,Ni,DED,L-DED,Concept Laser M2,642.05,29.491,973.65,654.98,80,XY,vertical,stress relieved,8.44,1320,9.8,429,12.8,98.36,1.715,55.569,equiaxed,3.43,gamma,carbides/Laves possible,dendritic gamma matrix,699.61,953.58,29.01,252.29,200.11,41.89,C
demo_0274,demo_synthetic_literature_style,CoCrMo,Co alloy,Co,PBF,E-PBF,Arcam Q10,2081.86,2107.844,113.37,70.0,100,XY,45deg,as-built,8.4,1390,13.0,450,14.0,99.271,0.6,23.921,equiaxed,1.86,FCC/HCP Co,carbides,cellular/dendritic CoCr,893.44,990.23,7.76,301.36,216.74,25.6,A
demo_0275,demo_synthetic_literature_style,IN625,Ni superalloy,Ni,PBF,L-PBF,Arcam Q10,276.26,1368.239,76.58,60.0,120,XY,vertical,annealed,8.44,1320,9.8,429,12.8,98.468,1.537,12.759,mixed columnar-equiaxed,4.61,gamma,carbides/Laves possible,dendritic gamma matrix,692.43,916.81,28.83,247.83,202.31,11.77,C
demo_0276,demo_synthetic_literature_style,CoCrMo,Co alloy,Co,PBF,L-PBF,Arcam Q10,262.04,664.379,112.31,30.0,70,XY,45deg,HIP,8.4,1390,13.0,450,14.0,99.474,0.459,14.918,columnar,2.56,FCC/HCP Co,carbides,cellular/dendritic CoCr,928.95,1104.67,11.75,302.21,212.94,4.11,B
demo_0277,demo_synthetic_literature_style,CuCrZr,Cu alloy,Cu,DED,WAAM,Renishaw AM250,2071.57,8.761,2496.0,671.67,80,Z,horizontal,as-built,8.9,1085,320.0,380,17.0,98.277,1.836,61.202,dendritic,1.0,Cu,Cr/Zr-rich precipitates,"Cu matrix, high-conductivity processing sensitive",294.25,446.24,21.25,108.68,113.45,28.66,A
demo_0278,demo_synthetic_literature_style,17-4PH,precipitation-hardening steel,Fe,PBF,L-PBF,SLM 280,306.81,1014.319,112.66,50.0,120,XZ,horizontal,as-built,7.8,1420,16.0,460,10.4,98.562,1.398,19.836,mixed columnar-equiaxed,4.47,martensite/ferrite,Cu-rich precipitates,martensitic or ferritic-martensitic,978.88,1164.95,10.08,342.8,203.66,13.59,A
demo_0279,demo_synthetic_literature_style,17-4PH,precipitation-hardening steel,Fe,PBF,L-PBF,Renishaw AM250,348.58,640.45,88.42,60.0,80,Z,horizontal,as-built,7.8,1420,16.0,460,10.4,98.795,1.225,23.645,mixed columnar-equiaxed,3.46,martensite/ferrite,Cu-rich precipitates,martensitic or ferritic-martensitic,967.5,1118.04,10.96,306.31,202.97,10.54,B
demo_0280,demo_synthetic_literature_style,CuCrZr,Cu alloy,Cu,PBF,L-PBF,Renishaw AM250,336.74,1415.138,118.04,40.0,80,XZ,vertical,solution treated,8.9,1085,320.0,380,17.0,98.579,1.552,12.913,cellular,3.95,Cu,Cr/Zr-rich precipitates,"Cu matrix, high-conductivity processing sensitive",355.48,606.94,16.87,127.44,113.03,8.25,A
demo_0281,demo_synthetic_literature_style,IN625,Ni superalloy,Ni,PBF,L-PBF,EOS M290,419.3,1369.457,122.97,30.0,1000,XZ,45deg,as-built,8.44,1320,9.8,429,12.8,98.676,1.359,13.139,cellular,3.51,gamma,carbides/Laves possible,dendritic gamma matrix,823.52,939.09,27.12,266.66,203.44,2.49,A
demo_0282,demo_synthetic_literature_style,IN625,Ni superalloy,Ni,PBF,L-PBF,Optomec LENS,179.69,725.778,109.36,60.0,100,XY,vertical,as-built,8.44,1320,9.8,429,12.8,97.909,1.968,14.327,columnar,5.06,gamma,carbides/Laves possible,dendritic gamma matrix,756.91,914.75,30.71,252.96,207.36,3.99,B
demo_0283,demo_synthetic_literature_style,CoCrMo,Co alloy,Co,PBF,L-PBF,Renishaw AM250,306.54,777.511,97.05,20.0,1000,XY,45deg,as-built,8.4,1390,13.0,450,14.0,98.813,1.215,12.076,mixed columnar-equiaxed,3.9,FCC/HCP Co,carbides,cellular/dendritic CoCr,878.34,1038.83,7.96,323.47,225.24,7.43,A
demo_0284,demo_synthetic_literature_style,316L,stainless steel,Fe,PBF,L-PBF,Arcam Q10,244.71,1089.021,73.71,60.0,80,Z,vertical,as-built,7.99,1385,16.2,500,16.0,98.889,0.975,20.561,mixed columnar-equiaxed,3.25,austenite,delta ferrite/carbides possible,"cellular austenitic, melt-pool boundaries",560.75,688.93,33.64,195.42,185.87,16.31,A
demo_0285,demo_synthetic_literature_style,Maraging Steel M300,maraging steel,Fe,PBF,L-PBF,SLM 280,346.76,850.043,93.36,30.0,500,45deg,vertical,as-built,8.1,1413,14.2,452,10.3,99.511,0.547,6.358,columnar,3.99,martensite,Ni-Ti-Mo precipitates after aging,martensitic with age hardening,1361.63,1540.29,11.12,458.86,191.82,11.57,B
demo_0286,demo_synthetic_literature_style,17-4PH,precipitation-hardening steel,Fe,DED,L-DED,Optomec LENS,563.02,11.38,1126.68,734.01,80,45deg,horizontal,solution treated,7.8,1420,16.0,460,10.4,98.807,1.086,62.571,mixed columnar-equiaxed,4.25,martensite/ferrite,Cu-rich precipitates,martensitic or ferritic-martensitic,807.93,1065.45,10.73,268.35,210.16,18.86,B
demo_0287,demo_synthetic_literature_style,Ti6Al4V,titanium alloy,Ti,PBF,L-PBF,Renishaw AM250,208.88,845.851,117.44,30.0,500,XY,vertical,aged,4.43,1660,7.1,560,8.6,98.677,1.43,24.306,equiaxed,3.95,alpha/beta,alpha-prime martensite possible,"prior beta grains, alpha-prime laths",1200.3,1322.31,13.45,376.51,111.14,1.35,B
demo_0288,demo_synthetic_literature_style,17-4PH,precipitation-hardening steel,Fe,PBF,L-PBF,Concept Laser M2,175.34,594.555,90.88,30.0,120,Z,45deg,annealed,7.8,1420,16.0,460,10.4,99.431,0.574,18.337,dendritic,1.85,martensite/ferrite,Cu-rich precipitates,martensitic or ferritic-martensitic,938.65,1151.84,11.99,301.82,203.23,7.41,B
demo_0289,demo_synthetic_literature_style,CuCrZr,Cu alloy,Cu,PBF,L-PBF,Concept Laser M2,134.22,524.778,95.8,60.0,120,XZ,45deg,solution treated,8.9,1085,320.0,380,17.0,98.504,1.347,20.171,dendritic,4.69,Cu,Cr/Zr-rich precipitates,"Cu matrix, high-conductivity processing sensitive",285.84,388.47,20.83,85.57,121.64,8.23,B
demo_0290,demo_synthetic_literature_style,CuCrZr,Cu alloy,Cu,PBF,L-PBF,WAAM lab system,340.26,1367.598,115.5,60.0,1000,45deg,horizontal,solution treated,8.9,1085,320.0,380,17.0,98.362,1.564,22.362,equiaxed,4.13,Cu,Cr/Zr-rich precipitates,"Cu matrix, high-conductivity processing sensitive",341.85,582.52,21.46,93.95,119.36,10.97,A
demo_0291,demo_synthetic_literature_style,17-4PH,precipitation-hardening steel,Fe,PBF,L-PBF,Concept Laser M2,375.31,931.36,119.18,60.0,70,XZ,vertical,solution treated,7.8,1420,16.0,460,10.4,98.664,1.228,5.665,columnar,5.16,martensite/ferrite,Cu-rich precipitates,martensitic or ferritic-martensitic,880.68,1082.52,8.46,277.24,192.61,20.54,A
demo_0292,demo_synthetic_literature_style,316L,stainless steel,Fe,PBF,L-PBF,WAAM lab system,170.19,1474.963,85.3,40.0,1000,Z,vertical,stress relieved,7.99,1385,16.2,500,16.0,98.405,1.663,18.315,cellular,4.12,austenite,delta ferrite/carbides possible,"cellular austenitic, melt-pool boundaries",552.35,785.38,31.07,226.06,185.47,12.03,A
demo_0293,demo_synthetic_literature_style,Ti6Al4V,titanium alloy,Ti,PBF,L-PBF,Optomec LENS,382.92,809.572,82.02,50.0,70,45deg,45deg,solution treated,4.43,1660,7.1,560,8.6,99.065,0.922,5.008,dendritic,3.51,alpha/beta,alpha-prime martensite possible,"prior beta grains, alpha-prime laths",1000.22,1149.61,8.24,326.07,116.44,15.16,C
demo_0294,demo_synthetic_literature_style,IN625,Ni superalloy,Ni,PBF,L-PBF,SLM 280,169.52,1488.176,89.62,40.0,70,Z,45deg,annealed,8.44,1320,9.8,429,12.8,97.916,2.133,9.878,columnar,3.58,gamma,carbides/Laves possible,dendritic gamma matrix,663.75,874.11,29.93,217.53,202.76,5.7,A
demo_0295,demo_synthetic_literature_style,CuCrZr,Cu alloy,Cu,PBF,L-PBF,Renishaw AM250,324.21,1317.816,117.55,20.0,100,XZ,horizontal,annealed,8.9,1085,320.0,380,17.0,99.823,0.285,17.31,mixed columnar-equiaxed,3.41,Cu,Cr/Zr-rich precipitates,"Cu matrix, high-conductivity processing sensitive",260.59,352.85,19.89,116.13,116.05,7.8,B
demo_0296,demo_synthetic_literature_style,CoCrMo,Co alloy,Co,DED,WAAM,Optomec LENS,2216.99,14.134,2432.38,691.82,500,XZ,horizontal,annealed,8.4,1390,13.0,450,14.0,98.531,1.409,51.904,columnar,2.72,FCC/HCP Co,carbides,cellular/dendritic CoCr,730.29,861.49,10.15,250.5,219.29,23.33,B
demo_0297,demo_synthetic_literature_style,17-4PH,precipitation-hardening steel,Fe,PBF,L-PBF,WAAM lab system,353.51,915.281,86.41,20.0,120,XY,45deg,as-built,7.8,1420,16.0,460,10.4,98.427,1.504,17.615,columnar,3.94,martensite/ferrite,Cu-rich precipitates,martensitic or ferritic-martensitic,939.02,1119.29,9.12,304.06,203.48,17.61,C
demo_0298,demo_synthetic_literature_style,316L,stainless steel,Fe,PBF,L-PBF,Renishaw AM250,290.33,637.556,103.84,20.0,70,XY,45deg,annealed,7.99,1385,16.2,500,16.0,98.791,1.26,14.693,columnar,3.75,austenite,delta ferrite/carbides possible,"cellular austenitic, melt-pool boundaries",462.53,556.2,34.74,220.34,188.13,12.43,B
demo_0299,demo_synthetic_literature_style,AlSi10Mg,Al alloy,Al,PBF,L-PBF,Arcam Q10,281.5,531.084,113.38,30.0,1000,XY,45deg,solution treated,2.68,580,160.0,910,20.5,98.723,1.15,8.954,mixed columnar-equiaxed,1.79,alpha-Al,Si network/Mg2Si,fine cellular Al-Si network,350.3,596.92,11.18,103.83,61.67,17.4,B
demo_0300,demo_synthetic_literature_style,Ti6Al4V,titanium alloy,Ti,DED,L-DED,Renishaw AM250,983.84,25.568,431.95,677.02,100,Z,45deg,as-built,4.43,1660,7.1,560,8.6,98.915,1.146,54.486,columnar,1.7,alpha/beta,alpha-prime martensite possible,"prior beta grains, alpha-prime laths",1021.34,1204.77,8.48,339.39,105.07,22.34,C
demo_0301,demo_synthetic_literature_style,AlSi10Mg,Al alloy,Al,PBF,L-PBF,Optomec LENS,247.21,777.698,92.0,40.0,70,XY,45deg,solution treated,2.68,580,160.0,910,20.5,98.781,1.313,19.548,dendritic,3.95,alpha-Al,Si network/Mg2Si,fine cellular Al-Si network,349.75,564.83,6.77,101.84,63.28,14.52,C
demo_0302,demo_synthetic_literature_style,316L,stainless steel,Fe,PBF,E-PBF,SLM 280,1787.0,1162.388,193.91,70.0,120,XY,vertical,as-built,7.99,1385,16.2,500,16.0,99.106,0.888,4.185,equiaxed,2.58,austenite,delta ferrite/carbides possible,"cellular austenitic, melt-pool boundaries",519.07,696.17,31.57,201.23,199.12,17.71,A
demo_0303,demo_synthetic_literature_style,316L,stainless steel,Fe,DED,WAAM,Arcam Q10,1913.24,3.023,2419.98,529.97,500,XY,vertical,stress relieved,7.99,1385,16.2,500,16.0,98.121,2.003,46.25,mixed columnar-equiaxed,2.92,austenite,delta ferrite/carbides possible,"cellular austenitic, melt-pool boundaries",418.4,612.13,32.0,93.48,184.72,30.04,B
demo_0304,demo_synthetic_literature_style,316L,stainless steel,Fe,PBF,L-PBF,Concept Laser M2,196.43,642.458,109.8,30.0,500,Z,horizontal,HIP,7.99,1385,16.2,500,16.0,98.764,1.26,19.397,dendritic,1.0,austenite,delta ferrite/carbides possible,"cellular austenitic, melt-pool boundaries",560.21,741.63,32.57,178.24,192.02,13.61,A
demo_0305,demo_synthetic_literature_style,Maraging Steel M300,maraging steel,Fe,DED,WAAM,EOS M290,2987.79,11.458,1701.59,1061.55,70,45deg,45deg,HIP,8.1,1413,14.2,452,10.3,98.78,1.161,74.701,dendritic,2.38,martensite,Ni-Ti-Mo precipitates after aging,martensitic with age hardening,1295.48,1453.78,8.57,441.87,196.16,24.62,A
demo_0306,demo_synthetic_literature_style,17-4PH,precipitation-hardening steel,Fe,PBF,L-PBF,EOS M290,238.77,804.911,101.12,60.0,120,XZ,horizontal,as-built,7.8,1420,16.0,460,10.4,98.588,1.431,8.249,equiaxed,2.53,martensite/ferrite,Cu-rich precipitates,martensitic or ferritic-martensitic,1034.66,1266.18,7.29,314.39,207.16,13.69,C
demo_0307,demo_synthetic_literature_style,IN625,Ni superalloy,Ni,DED,L-DED,Arcam Q10,1411.51,9.166,1127.95,518.86,80,45deg,horizontal,solution treated,8.44,1320,9.8,429,12.8,98.132,1.861,49.719,cellular,4.05,gamma,carbides/Laves possible,dendritic gamma matrix,663.9,887.77,24.68,211.81,218.7,30.2,A
demo_0308,demo_synthetic_literature_style,17-4PH,precipitation-hardening steel,Fe,PBF,L-PBF,Optomec LENS,141.91,685.658,81.45,40.0,80,Z,horizontal,annealed,7.8,1420,16.0,460,10.4,98.17,1.802,14.549,columnar,1.63,martensite/ferrite,Cu-rich precipitates,martensitic or ferritic-martensitic,782.4,1040.05,9.72,242.18,201.97,4.71,A
demo_0309,demo_synthetic_literature_style,316L,stainless steel,Fe,PBF,L-PBF,SLM 280,403.31,1214.917,74.14,20.0,100,XY,45deg,solution treated,7.99,1385,16.2,500,16.0,98.318,1.716,22.985,columnar,3.82,austenite,delta ferrite/carbides possible,"cellular austenitic, melt-pool boundaries",511.97,634.01,31.91,139.49,187.55,4.73,A
demo_0310,demo_synthetic_literature_style,H13 Tool Steel,tool steel,Fe,DED,WAAM,Concept Laser M2,1043.97,8.976,1068.89,1148.14,70,45deg,vertical,stress relieved,7.8,1427,28.6,460,10.4,98.964,0.932,81.185,dendritic,1.71,martensite,carbides,martensitic/carbide structure,1135.26,1367.3,10.95,397.11,206.22,25.34,B
demo_0311,demo_synthetic_literature_style,17-4PH,precipitation-hardening steel,Fe,PBF,L-PBF,Arcam Q10,268.05,1151.816,75.24,40.0,80,XY,45deg,stress relieved,7.8,1420,16.0,460,10.4,98.492,1.411,5.519,dendritic,1.16,martensite/ferrite,Cu-rich precipitates,martensitic or ferritic-martensitic,871.4,970.44,10.75,241.14,193.16,22.75,C
demo_0312,demo_synthetic_literature_style,Maraging Steel M300,maraging steel,Fe,PBF,L-PBF,EOS M290,413.89,923.086,74.84,60.0,120,Z,45deg,aged,8.1,1413,14.2,452,10.3,98.346,1.635,5.291,columnar,5.95,martensite,Ni-Ti-Mo precipitates after aging,martensitic with age hardening,1362.42,1605.01,5.39,413.47,182.52,20.12,B
demo_0313,demo_synthetic_literature_style,Ti6Al4V,titanium alloy,Ti,PBF,L-PBF,EOS M290,192.29,1038.393,81.05,30.0,80,Z,vertical,HIP,4.43,1660,7.1,560,8.6,97.955,2.025,11.602,cellular,2.85,alpha/beta,alpha-prime martensite possible,"prior beta grains, alpha-prime laths",1100.99,1330.1,9.17,363.24,112.42,5.39,B
demo_0314,demo_synthetic_literature_style,IN718,Ni superalloy,Ni,PBF,L-PBF,Concept Laser M2,284.48,750.609,97.17,60.0,70,XZ,vertical,aged,8.19,1298,11.4,435,13.0,98.158,1.727,10.467,dendritic,2.44,gamma,gamma prime/gamma double prime/Laves/delta,cellular-dendritic gamma matrix,1283.81,1473.05,12.98,441.61,206.98,13.25,A
demo_0315,demo_synthetic_literature_style,H13 Tool Steel,tool steel,Fe,PBF,L-PBF,WAAM lab system,264.01,1405.186,100.65,20.0,500,45deg,horizontal,stress relieved,7.8,1427,28.6,460,10.4,99.362,0.647,11.174,columnar,2.66,martensite,carbides,martensitic/carbide structure,1222.55,1401.34,12.37,393.11,216.54,1.0,C
demo_0316,demo_synthetic_literature_style,Maraging Steel M300,maraging steel,Fe,PBF,L-PBF,EOS M290,346.05,635.282,125.48,50.0,70,XY,45deg,aged,8.1,1413,14.2,452,10.3,98.783,1.184,14.656,mixed columnar-equiaxed,1.5,martensite,Ni-Ti-Mo precipitates after aging,martensitic with age hardening,1401.23,1529.37,9.92,436.29,185.86,19.86,A
demo_0317,demo_synthetic_literature_style,CoCrMo,Co alloy,Co,PBF,L-PBF,Renishaw AM250,374.9,793.038,127.21,40.0,70,XZ,vertical,as-built,8.4,1390,13.0,450,14.0,98.758,1.178,8.031,columnar,2.46,FCC/HCP Co,carbides,cellular/dendritic CoCr,866.67,1097.7,7.39,240.48,221.1,13.41,C
demo_0318,demo_synthetic_literature_style,AlSi10Mg,Al alloy,Al,DED,L-DED,WAAM lab system,1264.74,32.303,544.81,435.71,1000,XZ,vertical,annealed,2.68,580,160.0,910,20.5,98.77,1.289,48.437,columnar,2.53,alpha-Al,Si network/Mg2Si,fine cellular Al-Si network,232.8,418.24,5.9,70.0,65.97,21.27,B
demo_0319,demo_synthetic_literature_style,H13 Tool Steel,tool steel,Fe,PBF,L-PBF,EOS M290,230.84,774.202,113.76,20.0,100,45deg,horizontal,as-built,7.8,1427,28.6,460,10.4,99.078,0.839,11.17,dendritic,2.81,martensite,carbides,martensitic/carbide structure,1228.07,1394.54,8.1,421.44,208.77,8.1,A
demo_0320,demo_synthetic_literature_style,IN718,Ni superalloy,Ni,PBF,L-PBF,Renishaw AM250,175.94,719.272,89.39,30.0,80,XZ,vertical,stress relieved,8.19,1298,11.4,435,13.0,98.928,1.251,22.079,mixed columnar-equiaxed,3.19,gamma,gamma prime/gamma double prime/Laves/delta,cellular-dendritic gamma matrix,1075.04,1324.87,16.49,325.84,210.83,14.17,B
demo_0321,demo_synthetic_literature_style,17-4PH,precipitation-hardening steel,Fe,PBF,L-PBF,EOS M290,148.65,1212.001,113.67,40.0,1000,45deg,horizontal,aged,7.8,1420,16.0,460,10.4,98.158,1.963,19.805,dendritic,3.18,martensite/ferrite,Cu-rich precipitates,martensitic or ferritic-martensitic,1056.04,1157.88,6.73,349.7,193.22,2.75,C
demo_0322,demo_synthetic_literature_style,IN625,Ni superalloy,Ni,PBF,L-PBF,Concept Laser M2,215.4,983.55,127.06,60.0,80,Z,vertical,stress relieved,8.44,1320,9.8,429,12.8,98.452,1.534,16.178,columnar,2.28,gamma,carbides/Laves possible,dendritic gamma matrix,740.78,851.1,30.32,253.84,201.38,12.97,A
demo_0323,demo_synthetic_literature_style,316L,stainless steel,Fe,PBF,L-PBF,Concept Laser M2,339.34,1126.816,95.65,20.0,500,45deg,horizontal,aged,7.99,1385,16.2,500,16.0,98.916,1.072,12.812,columnar,2.06,austenite,delta ferrite/carbides possible,"cellular austenitic, melt-pool boundaries",689.52,910.09,30.9,218.29,187.17,10.94,B
demo_0324,demo_synthetic_literature_style,17-4PH,precipitation-hardening steel,Fe,DED,WAAM,Renishaw AM250,1834.09,8.693,1233.86,546.86,100,XZ,vertical,as-built,7.8,1420,16.0,460,10.4,98.336,1.709,51.597,cellular,3.07,martensite/ferrite,Cu-rich precipitates,martensitic or ferritic-martensitic,896.48,1111.69,9.8,286.73,201.22,31.38,A
demo_0325,demo_synthetic_literature_style,316L,stainless steel,Fe,PBF,L-PBF,WAAM lab system,255.28,707.373,101.43,40.0,70,Z,vertical,aged,7.99,1385,16.2,500,16.0,98.964,0.97,13.551,equiaxed,3.41,austenite,delta ferrite/carbides possible,"cellular austenitic, melt-pool boundaries",633.74,797.45,31.58,200.5,189.2,20.5,A
demo_0326,demo_synthetic_literature_style,AlSi10Mg,Al alloy,Al,DED,L-DED,Optomec LENS,1558.22,26.205,1196.54,377.04,100,45deg,vertical,as-built,2.68,580,160.0,910,20.5,98.838,1.122,47.498,equiaxed,3.06,alpha-Al,Si network/Mg2Si,fine cellular Al-Si network,331.57,465.62,5.11,132.61,69.9,20.09,A
demo_0327,demo_synthetic_literature_style,IN625,Ni superalloy,Ni,DED,L-DED,Renishaw AM250,1032.75,32.564,1045.47,262.48,100,45deg,45deg,HIP,8.44,1320,9.8,429,12.8,98.977,0.962,28.014,equiaxed,2.75,gamma,carbides/Laves possible,dendritic gamma matrix,732.77,908.54,31.48,256.82,207.18,23.68,B
demo_0328,demo_synthetic_literature_style,H13 Tool Steel,tool steel,Fe,PBF,L-PBF,Concept Laser M2,155.24,1384.61,80.5,60.0,100,XZ,vertical,stress relieved,7.8,1427,28.6,460,10.4,97.996,2.066,2.0,cellular,4.78,martensite,carbides,martensitic/carbide structure,1222.95,1315.07,7.12,408.47,212.79,8.14,B
demo_0329,demo_synthetic_literature_style,IN625,Ni superalloy,Ni,PBF,L-PBF,Optomec LENS,180.75,1199.271,91.4,20.0,120,XY,45deg,HIP,8.44,1320,9.8,429,12.8,99.174,0.904,8.762,equiaxed,2.77,gamma,carbides/Laves possible,dendritic gamma matrix,818.89,1030.41,31.0,239.16,206.78,16.48,B
demo_0330,demo_synthetic_literature_style,IN625,Ni superalloy,Ni,PBF,L-PBF,SLM 280,124.23,834.463,79.17,60.0,120,XZ,horizontal,as-built,8.44,1320,9.8,429,12.8,97.933,2.148,10.401,equiaxed,3.85,gamma,carbides/Laves possible,dendritic gamma matrix,768.85,954.9,25.5,232.79,211.91,13.21,B
demo_0331,demo_synthetic_literature_style,AlSi10Mg,Al alloy,Al,DED,WAAM,Optomec LENS,981.34,5.062,1453.32,1802.23,100,XY,horizontal,stress relieved,2.68,580,160.0,910,20.5,98.649,1.374,109.828,columnar,3.62,alpha-Al,Si network/Mg2Si,fine cellular Al-Si network,125.14,226.06,7.83,90.23,69.42,14.6,B
demo_0332,demo_synthetic_literature_style,316L,stainless steel,Fe,PBF,L-PBF,Optomec LENS,126.24,695.772,118.01,30.0,70,Z,vertical,annealed,7.99,1385,16.2,500,16.0,98.238,1.707,10.142,dendritic,3.86,austenite,delta ferrite/carbides possible,"cellular austenitic, melt-pool boundaries",543.34,738.27,33.65,186.67,183.34,4.03,A
demo_0333,demo_synthetic_literature_style,Ti6Al4V,titanium alloy,Ti,DED,L-DED,SLM 280,806.91,33.775,1110.14,369.88,120,XY,45deg,solution treated,4.43,1660,7.1,560,8.6,98.2,1.718,39.929,columnar,2.7,alpha/beta,alpha-prime martensite possible,"prior beta grains, alpha-prime laths",1014.86,1186.1,11.17,329.22,110.27,18.57,B
demo_0334,demo_synthetic_literature_style,CuCrZr,Cu alloy,Cu,PBF,L-PBF,SLM 280,183.48,542.066,94.28,60.0,100,Z,horizontal,solution treated,8.9,1085,320.0,380,17.0,98.337,1.759,15.475,columnar,2.08,Cu,Cr/Zr-rich precipitates,"Cu matrix, high-conductivity processing sensitive",424.61,519.86,17.71,146.58,122.0,9.79,B
demo_0335,demo_synthetic_literature_style,Maraging Steel M300,maraging steel,Fe,PBF,L-PBF,Optomec LENS,184.92,1494.279,106.28,60.0,70,Z,horizontal,as-built,8.1,1413,14.2,452,10.3,98.313,1.733,8.98,mixed columnar-equiaxed,4.78,martensite,Ni-Ti-Mo precipitates after aging,martensitic with age hardening,1239.55,1357.07,9.22,358.87,179.8,13.91,B
demo_0336,demo_synthetic_literature_style,IN718,Ni superalloy,Ni,PBF,L-PBF,Optomec LENS,326.42,971.786,112.83,20.0,120,XZ,45deg,annealed,8.19,1298,11.4,435,13.0,99.399,0.58,13.053,cellular,4.39,gamma,gamma prime/gamma double prime/Laves/delta,cellular-dendritic gamma matrix,1109.88,1265.47,15.82,358.88,206.5,15.32,A
demo_0337,demo_synthetic_literature_style,Ti6Al4V,titanium alloy,Ti,PBF,L-PBF,WAAM lab system,197.58,1319.739,70.18,60.0,70,XZ,45deg,as-built,4.43,1660,7.1,560,8.6,98.824,1.273,17.864,equiaxed,5.22,alpha/beta,alpha-prime martensite possible,"prior beta grains, alpha-prime laths",1064.65,1180.92,13.54,357.0,130.36,4.85,C
demo_0338,demo_synthetic_literature_style,H13 Tool Steel,tool steel,Fe,PBF,L-PBF,Concept Laser M2,180.47,1050.964,73.53,20.0,1000,Z,horizontal,as-built,7.8,1427,28.6,460,10.4,98.727,1.346,19.975,equiaxed,4.2,martensite,carbides,martensitic/carbide structure,1132.23,1326.61,12.32,395.97,213.0,13.23,A
demo_0339,demo_synthetic_literature_style,CoCrMo,Co alloy,Co,PBF,L-PBF,Arcam Q10,127.48,1011.27,118.7,50.0,80,XY,45deg,stress relieved,8.4,1390,13.0,450,14.0,98.084,1.849,8.208,equiaxed,2.75,FCC/HCP Co,carbides,cellular/dendritic CoCr,860.61,1048.33,8.13,283.0,222.5,8.24,A
demo_0340,demo_synthetic_literature_style,IN625,Ni superalloy,Ni,PBF,L-PBF,Arcam Q10,140.5,1155.953,73.12,40.0,1000,XZ,vertical,as-built,8.44,1320,9.8,429,12.8,97.78,2.157,19.886,columnar,1.76,gamma,carbides/Laves possible,dendritic gamma matrix,802.75,904.62,30.23,249.71,206.46,18.71,A
demo_0341,demo_synthetic_literature_style,CoCrMo,Co alloy,Co,PBF,L-PBF,WAAM lab system,343.41,618.131,98.52,60.0,120,XY,vertical,solution treated,8.4,1390,13.0,450,14.0,98.613,1.349,10.204,columnar,3.84,FCC/HCP Co,carbides,cellular/dendritic CoCr,878.25,978.33,8.62,251.53,214.59,14.37,B
demo_0342,demo_synthetic_literature_style,AlSi10Mg,Al alloy,Al,PBF,L-PBF,Concept Laser M2,337.08,695.242,123.78,30.0,100,XZ,45deg,as-built,2.68,580,160.0,910,20.5,98.897,1.073,7.749,equiaxed,4.91,alpha-Al,Si network/Mg2Si,fine cellular Al-Si network,275.51,373.91,8.17,77.28,67.95,22.15,B
demo_0343,demo_synthetic_literature_style,H13 Tool Steel,tool steel,Fe,PBF,L-PBF,SLM 280,294.6,701.016,115.62,20.0,80,XY,vertical,as-built,7.8,1427,28.6,460,10.4,98.954,1.011,3.557,equiaxed,2.63,martensite,carbides,martensitic/carbide structure,1265.7,1476.62,8.84,419.57,208.69,8.04,A
demo_0344,demo_synthetic_literature_style,Ti6Al4V,titanium alloy,Ti,PBF,L-PBF,SLM 280,343.98,519.423,86.39,50.0,500,45deg,vertical,as-built,4.43,1660,7.1,560,8.6,98.644,1.308,14.561,cellular,3.5,alpha/beta,alpha-prime martensite possible,"prior beta grains, alpha-prime laths",1092.4,1300.22,14.1,360.79,102.11,13.96,B
demo_0345,demo_synthetic_literature_style,17-4PH,precipitation-hardening steel,Fe,DED,L-DED,SLM 280,782.72,28.257,827.77,208.38,80,Z,45deg,HIP,7.8,1420,16.0,460,10.4,98.863,1.133,36.097,cellular,1.66,martensite/ferrite,Cu-rich precipitates,martensitic or ferritic-martensitic,893.42,1011.24,15.86,270.3,200.5,16.03,C
demo_0346,demo_synthetic_literature_style,IN718,Ni superalloy,Ni,DED,WAAM,Renishaw AM250,1172.88,5.842,850.71,962.19,80,XZ,horizontal,as-built,8.19,1298,11.4,435,13.0,98.818,1.228,59.482,equiaxed,4.04,gamma,gamma prime/gamma double prime/Laves/delta,cellular-dendritic gamma matrix,995.76,1183.77,19.54,346.75,207.89,19.87,B
demo_0347,demo_synthetic_literature_style,Maraging Steel M300,maraging steel,Fe,DED,L-DED,EOS M290,544.96,14.441,1102.33,747.19,500,Z,45deg,as-built,8.1,1413,14.2,452,10.3,97.76,2.33,58.873,equiaxed,1.72,martensite,Ni-Ti-Mo precipitates after aging,martensitic with age hardening,1158.07,1291.06,9.08,351.23,178.72,27.44,B
demo_0348,demo_synthetic_literature_style,CuCrZr,Cu alloy,Cu,PBF,L-PBF,WAAM lab system,318.14,1027.98,90.06,40.0,80,Z,horizontal,stress relieved,8.9,1085,320.0,380,17.0,98.832,1.051,7.837,equiaxed,2.75,Cu,Cr/Zr-rich precipitates,"Cu matrix, high-conductivity processing sensitive",425.34,613.43,18.45,126.01,129.77,14.11,B
demo_0349,demo_synthetic_literature_style,316L,stainless steel,Fe,PBF,L-PBF,SLM 280,165.39,665.532,109.51,60.0,1000,Z,vertical,stress relieved,7.99,1385,16.2,500,16.0,98.712,1.324,13.925,equiaxed,3.36,austenite,delta ferrite/carbides possible,"cellular austenitic, melt-pool boundaries",587.17,815.32,28.72,174.66,184.32,22.63,B
demo_0350,demo_synthetic_literature_style,Ti6Al4V,titanium alloy,Ti,PBF,L-PBF,Arcam Q10,368.55,1470.137,97.55,60.0,80,45deg,45deg,aged,4.43,1660,7.1,560,8.6,98.392,1.57,7.054,mixed columnar-equiaxed,5.44,alpha/beta,alpha-prime martensite possible,"prior beta grains, alpha-prime laths",1247.2,1447.92,8.62,385.02,117.61,9.72,A
demo_0351,demo_synthetic_literature_style,IN625,Ni superalloy,Ni,PBF,L-PBF,Optomec LENS,277.48,1350.431,129.77,50.0,70,XY,vertical,solution treated,8.44,1320,9.8,429,12.8,98.345,1.758,8.047,mixed columnar-equiaxed,2.58,gamma,carbides/Laves possible,dendritic gamma matrix,677.7,825.3,29.9,220.26,202.68,5.92,A
demo_0352,demo_synthetic_literature_style,CuCrZr,Cu alloy,Cu,PBF,L-PBF,EOS M290,258.12,630.645,93.85,20.0,1000,45deg,horizontal,as-built,8.9,1085,320.0,380,17.0,98.474,1.65,12.506,equiaxed,4.77,Cu,Cr/Zr-rich precipitates,"Cu matrix, high-conductivity processing sensitive",363.83,514.9,19.15,115.98,111.51,20.57,C
demo_0353,demo_synthetic_literature_style,Ti6Al4V,titanium alloy,Ti,DED,L-DED,SLM 280,830.35,17.936,638.83,657.91,1000,XY,horizontal,solution treated,4.43,1660,7.1,560,8.6,98.627,1.472,56.764,dendritic,2.57,alpha/beta,alpha-prime martensite possible,"prior beta grains, alpha-prime laths",1017.92,1254.43,12.73,347.49,106.89,20.83,A
demo_0354,demo_synthetic_literature_style,H13 Tool Steel,tool steel,Fe,PBF,L-PBF,Concept Laser M2,190.31,1050.759,116.24,50.0,80,Z,45deg,HIP,7.8,1427,28.6,460,10.4,98.206,1.674,14.181,mixed columnar-equiaxed,1.84,martensite,carbides,martensitic/carbide structure,1219.75,1312.94,8.63,441.17,214.24,9.46,A
demo_0355,demo_synthetic_literature_style,Maraging Steel M300,maraging steel,Fe,DED,L-DED,Arcam Q10,1588.62,19.804,684.42,364.93,500,XZ,vertical,aged,8.1,1413,14.2,452,10.3,97.757,2.241,34.125,dendritic,2.3,martensite,Ni-Ti-Mo precipitates after aging,martensitic with age hardening,1321.79,1452.56,7.57,426.87,197.0,25.04,A
demo_0356,demo_synthetic_literature_style,AlSi10Mg,Al alloy,Al,PBF,L-PBF,EOS M290,343.83,1269.75,113.45,30.0,80,45deg,horizontal,solution treated,2.68,580,160.0,910,20.5,98.903,1.144,28.315,columnar,2.88,alpha-Al,Si network/Mg2Si,fine cellular Al-Si network,287.08,463.81,5.15,97.91,71.91,11.68,C
demo_0357,demo_synthetic_literature_style,IN718,Ni superalloy,Ni,PBF,L-PBF,Concept Laser M2,131.15,1053.762,104.55,40.0,120,45deg,45deg,stress relieved,8.19,1298,11.4,435,13.0,98.244,1.731,28.56,dendritic,2.68,gamma,gamma prime/gamma double prime/Laves/delta,cellular-dendritic gamma matrix,1069.11,1203.93,13.16,389.52,209.43,7.93,B
demo_0358,demo_synthetic_literature_style,CuCrZr,Cu alloy,Cu,DED,L-DED,SLM 280,1245.69,28.718,1079.89,788.76,100,XY,horizontal,as-built,8.9,1085,320.0,380,17.0,98.665,1.353,61.186,dendritic,2.63,Cu,Cr/Zr-rich precipitates,"Cu matrix, high-conductivity processing sensitive",331.8,453.89,19.73,91.01,128.47,18.7,B
demo_0359,demo_synthetic_literature_style,316L,stainless steel,Fe,DED,WAAM,Optomec LENS,1347.35,5.536,2462.67,1151.92,500,XY,horizontal,as-built,7.99,1385,16.2,500,16.0,98.543,1.38,81.537,columnar,1.0,austenite,delta ferrite/carbides possible,"cellular austenitic, melt-pool boundaries",445.16,536.29,28.99,149.61,187.5,16.07,A
demo_0360,demo_synthetic_literature_style,316L,stainless steel,Fe,PBF,L-PBF,Renishaw AM250,377.15,717.798,76.38,30.0,70,45deg,45deg,as-built,7.99,1385,16.2,500,16.0,98.442,1.686,17.997,equiaxed,2.49,austenite,delta ferrite/carbides possible,"cellular austenitic, melt-pool boundaries",517.21,753.53,33.09,160.28,189.15,19.63,C
